,temp_6,temp_3,temp_5,temp_2,temp_4,temp_7,temp_1,temp_0,sky is clear,mist,overcast clouds,broken clouds,scattered clouds,light rain,few clouds,light snow,Sky is Clear,moderate rain,haze,light intensity drizzle,fog,proximity thunderstorm,drizzle,heavy snow,heavy intensity rain,snow,proximity shower rain,thunderstorm,heavy intensity drizzle,thunderstorm with heavy rain,thunderstorm with light rain,proximity thunderstorm with rain,thunderstorm with rain,smoke,very heavy rain,thunderstorm with light drizzle,proximity thunderstorm with drizzle,light intensity shower rain,light shower snow,shower drizzle,light rain and snow,SQUALLS,sleet,freezing rain,thunderstorm with drizzle,shower snow,sky is clear_0,mist_0,broken clouds_0,light rain_0,broken clouds_1,moderate rain_0,overcast clouds_0,overcast clouds_2,overcast clouds_1,scattered clouds_0,light intensity drizzle_0,haze_0,light rain_1,few clouds_1,light snow_0,scattered clouds_2,scattered clouds_1,fog_0,overcast clouds_3,mist_1,mist_2,broken clouds_2,drizzle_0,proximity thunderstorm_0,few clouds_0,scattered clouds_3,heavy intensity rain_0,few clouds_2,heavy snow_0,light snow_1,mist_3,light snow_2,overcast clouds_4,light rain_2,snow_0,light snow_3,broken clouds_3,moderate rain_1,mist_4,haze_1,proximity shower rain_0,mist_5,thunderstorm_0,light snow_4,proximity thunderstorm_1,heavy snow_1,thunderstorm with heavy rain_0,broken clouds_4,drizzle_1,heavy intensity drizzle_0,thunderstorm with light rain_0,fog_1,haze_2,heavy snow_3,proximity thunderstorm with rain_0,mist_6,heavy snow_2,thunderstorm with rain_0,haze_3,haze_7,proximity thunderstorm_2,heavy snow_4,fog_2,smoke_0,heavy intensity rain_1,very heavy rain_0,haze_4,heavy intensity rain_2,thunderstorm with light drizzle_0,heavy snow_6,light intensity shower rain_0,proximity thunderstorm with drizzle_0,snow_1,haze_8,light shower snow_0,haze_5,moderate rain_2,heavy snow_5,light rain and snow_0,shower drizzle_0,haze_6,scattered clouds_4,heavy intensity drizzle_1,SQUALLS_0,mist_7,sleet_0,thunderstorm with drizzle_0,proximity thunderstorm with rain_1,thunderstorm with rain_1,few clouds_3,freezing rain_0,snow_2,drizzle_2,light intensity drizzle_1,proximity thunderstorm_3,proximity shower rain_1,heavy intensity rain_3,light rain_3,shower snow_0,sky is clear_1,traffic_volume_2,traffic_volume_0,traffic_volume_1
temp_6,1.68,0.43,1.44,0.0,0.88,1.76,0,0,1.47,1.49,1.45,1.76,1.9,1.8,1.7,0,1.26,1.85,1.6,1.75,1.43,2.23,1.49,0.0,2.27,0,1.86,2.34,1.59,2.49,2.13,2.2,2.27,1.09,2.02,2.07,1.9,1.21,0,0,0,1.57,0,0,1.76,0,1.46,1.56,1.99,1.95,1.48,1.89,1.8,0.68,1.2,2.11,1.75,1.66,1.74,1.47,0,1.54,1.76,1.46,0.41,1.48,1.32,0.88,1.52,2.29,1.89,1.21,2.31,1.06,0.0,0,0.85,0,0,0.99,0,0,0.26,0.94,0.79,1.0,1.87,0.18,2.34,0,2.02,0,2.49,0,0.71,1.59,2.13,0.69,0.81,0.0,2.21,0.22,0,2.23,0.76,0.81,1.6,0,0.83,1.09,1.67,2.02,0,0.38,2.07,0,1.21,1.9,0,0.82,0,0.61,0,0,0,0,0,0.36,1.02,1.57,0.46,0,1.76,0.8,1.79,0.15,0,0,0,0,0.76,0.0,0.17,0.0,0,0.0,1.36,1.5,1.53
temp_3,0.29,1.73,0.75,1.36,1.43,0.0,0.84,0.27,1.33,1.54,1.79,1.68,1.64,1.75,1.38,1.51,0.68,1.81,1.77,2.04,1.57,1.09,2.05,1.32,1.52,1.85,1.47,0.82,2.08,0.4,0.79,1.27,0.35,0,0.0,1.09,2.61,0.98,0.49,1.74,2.22,0.64,2.39,2.94,1.08,0.0,1.31,1.63,1.87,1.89,1.35,1.85,2.07,1.46,1.76,1.83,2.04,1.85,1.4,1.22,1.74,1.04,1.47,1.57,1.15,1.68,1.63,1.03,2.1,1.09,1.55,0.75,1.55,0.73,1.44,1.27,1.53,0.92,0.73,0.86,1.86,0.53,0.73,0.91,1.3,1.3,1.48,0.94,0.82,0.0,0.76,1.24,0.4,0.55,1.37,2.12,0.79,1.22,0.81,0.48,1.28,0.44,1.13,0.0,0.66,1.04,0.0,0.79,0.81,0,0.0,0.0,0,0.84,1.09,0,0.98,2.61,0.73,0,0.49,1.0,0.4,0,2.22,1.74,2.31,0,0,0.64,0,2.39,1.08,0,0.98,0,2.94,0,0.95,0.0,0,0,0,0,0.0,0,1.4,1.53,1.55
temp_5,1.55,0.75,1.73,0.31,1.35,1.26,0.0,0,1.43,1.48,1.59,1.75,1.88,1.84,1.62,0.09,1.14,1.93,1.55,1.98,1.43,2.0,1.86,0.0,2.24,0.04,1.89,2.29,2.01,1.98,2.23,2.47,1.54,0.81,1.65,2.34,1.87,2.28,0,0,0,0.6,0.0,0,0.0,0,1.42,1.55,1.95,2.0,1.54,1.98,1.97,1.01,1.51,2.13,1.98,1.6,1.79,1.45,0.12,1.55,1.66,1.45,0.55,1.64,1.42,0.58,1.87,2.02,1.83,1.1,2.26,0.92,0.0,0.0,0.87,0.0,0.5,0.76,0.04,0.0,0.0,1.2,0.71,1.42,1.9,0.53,2.29,0,1.8,0,1.98,0,1.32,2.03,2.23,1.12,0.93,0.0,2.46,0.09,0,1.58,0.8,0,0.54,0,0.93,0.81,1.19,1.65,0,1.13,2.34,0,2.28,1.87,0.0,0.0,0,0.68,0,0,0,0,0,0.0,0.95,0.6,0.42,0.0,0.0,1.43,0.0,0.0,0,0,0,0.0,0.0,0,0.89,0.0,0,0.0,1.39,1.52,1.55
temp_2,0.16,1.42,0.35,1.84,0.73,0,1.47,0.89,1.31,1.5,1.77,1.66,1.6,1.24,1.42,1.82,0.53,1.08,1.76,1.22,1.83,1.14,1.03,1.75,0.51,2.19,0.89,0.0,0.56,0.0,0.44,0.0,0,0,1.34,0,0.0,0.0,2.08,2.16,2.53,0,0.0,1.56,0,1.0,1.28,1.58,1.84,1.3,1.43,1.09,2.02,1.57,1.59,1.89,1.22,1.82,1.04,1.13,1.98,0.95,1.33,1.88,1.27,1.75,1.44,0.97,0.99,1.24,1.7,0.72,0.52,0.74,1.89,2.05,1.35,1.51,0.88,0.78,2.2,1.07,0.71,0.57,1.07,1.61,0.89,1.28,0.0,0.95,0.39,1.85,0.0,0.59,1.12,0.57,0.44,1.46,1.26,1.13,0.0,0.98,1.14,0,0.88,0.77,0,0.45,0.62,0,0,1.34,1.57,0,0,0.99,0.0,0.0,1.47,0,2.08,0.64,0,0.29,2.53,2.16,0.0,0,0,0,0,0.0,0,0,0,0,1.56,1.19,0.74,0,0,0,0,0,1.0,0,1.4,1.54,1.57
temp_4,1.0,1.3,1.56,0.84,1.9,0.45,0.37,0.0,1.43,1.47,1.73,1.77,1.77,1.77,1.63,0.51,1.02,1.87,1.48,2.09,1.36,1.53,2.12,0.43,1.99,0.55,1.72,1.57,1.92,1.66,1.63,1.29,0.96,0.98,0.0,0.7,1.42,1.12,0,0,0.54,1.79,0.79,0,1.75,0,1.42,1.56,1.97,1.87,1.52,1.91,2.03,1.43,1.61,1.95,2.09,1.53,1.58,1.41,0.59,1.38,1.62,1.39,0.93,1.63,1.36,0.71,2.15,1.56,1.86,0.72,2.01,1.22,0.48,0.23,1.3,0.27,0.09,0.94,0.46,0.0,0.56,0.83,0.77,1.12,1.72,0.92,1.57,0,0.91,1.3,1.66,0.64,1.74,1.94,1.63,0.99,0.63,0.0,1.27,1.12,0.0,0.83,0.66,0.0,1.13,0,0.92,0.98,0.6,0.0,0,0.74,0.7,0,1.12,1.42,0.9,0,0,0.0,0.0,0,0.54,0,0,0,0.9,1.79,0.23,0.79,1.75,1.09,1.26,0,0,0,0.0,0.0,0,0,0,0,0,0,1.43,1.55,1.58
temp_7,1.73,0.16,1.37,0,0.73,2.01,0,0,1.53,1.43,1.25,1.76,2.04,1.64,1.89,0,1.5,1.44,1.51,1.31,1.58,1.9,0.8,0,1.52,0,1.51,2.01,0.66,1.27,1.77,1.33,1.8,0.73,1.35,0.83,0.62,0.68,0,0,0,0.27,0,0,0.74,0,1.56,1.44,1.94,1.73,1.55,1.45,1.57,0.6,1.01,2.23,1.31,1.57,1.5,1.79,0,1.85,1.94,1.61,0.05,1.57,1.5,0.91,0.83,1.93,2.0,1.55,1.53,1.38,0,0,1.02,0,0,0.75,0,0,0.41,0.8,0.74,1.05,1.52,0.32,2.01,0,1.34,0,1.27,0,0.09,0.66,1.77,0.45,1.01,0,1.34,0.25,0,1.83,0.39,0.32,1.42,0,0.54,0.73,0.94,1.35,0,0.79,0.83,0,0.68,0.62,0,1.26,0,0.0,0,0,0,0,0,0.58,0.0,0.27,0.82,0,0.74,0.44,0.59,0.0,0,0,0,0,0.0,0.0,0.0,0.0,0,0.0,1.42,1.54,1.58
temp_1,0,0.96,0.44,1.55,0.34,0,2.13,1.7,1.47,1.49,1.77,1.79,1.78,1.12,1.74,2.01,0.34,0.92,2.05,1.46,1.69,0.35,1.4,1.98,0.7,2.28,0.0,0,0.0,0.0,0,0,0,0,1.24,0,0,0,1.95,1.45,0,0,0,0,0,0.0,1.42,1.59,1.98,1.2,1.53,0.92,2.12,1.18,1.63,2.02,1.46,2.13,0.83,1.53,2.11,0.99,1.64,1.71,0.89,1.47,0.97,1.25,1.89,0.37,2.08,0.58,0.72,0.87,2.1,2.4,0.67,1.95,1.01,0.37,2.3,1.7,1.09,0.52,0.43,1.51,0.0,0.66,0,1.56,0,1.91,0.0,0.64,0.0,0.0,0,1.21,1.2,1.68,0,0.6,1.94,0,1.49,0.99,0,1.37,0.0,0,0,1.24,0.91,0,0,0.91,0,0,1.9,0,1.95,1.34,0,2.03,0,1.45,0.0,0.29,0,0,0,0,0,0,0,0,0,0.0,0,0,0,0,0,0,0.0,0,1.45,1.58,1.62
temp_0,0,0.68,0,1.02,0.0,0,1.83,2.47,1.61,1.35,1.47,1.75,1.79,0.75,1.79,1.97,0.42,0.71,2.22,0.0,1.16,0.25,0.0,1.46,0,1.88,0,0,0,0,0,0,0,0,0.0,0,0,0,0.0,0.0,0,0,0,0,0,0,1.56,1.45,1.99,0.78,1.39,0.6,1.69,0.96,1.13,2.07,0.0,2.25,0.66,1.51,2.27,1.31,1.52,1.17,0.96,1.13,1.13,1.57,0.0,0.26,2.24,1.09,0,0.65,1.42,2.08,0.12,2.03,1.17,0,1.95,1.79,0.0,0.97,0,2.45,0,0.0,0,0.0,0,1.56,0,0,0,0,0,0,1.56,1.19,0,0,1.45,0,1.23,0,0,0.0,0.0,0,0,0.0,0.0,0,0,0,0,0,0.0,0,0.0,0.0,0,0,0,0.0,0,0.72,0,0,0,0,0,0,0,0,0,0,0,0,0,0,0,0,0,0,1.42,1.63,1.67
sky is clear,1.21,1.04,1.26,1.07,1.21,1.17,1.09,1.03,1.53,1.23,1.33,1.56,1.83,1.25,1.67,1.08,0.75,1.03,1.51,1.13,1.3,1.13,0.87,0.88,1.02,0.87,1.04,1.02,0.87,1.1,0.94,0.85,0.95,0.9,0.86,0.57,0.53,0.12,0.93,1.15,0.0,0.54,0.15,0,0.0,0.53,1.48,1.25,1.81,1.32,1.16,1.03,1.63,0.87,1.05,2.07,1.13,1.54,1.04,1.4,1.12,1.39,1.69,1.32,0.65,1.29,1.18,0.67,0.91,1.16,2.04,1.01,1.04,0.8,0.83,1.18,0.79,1.13,0.49,0.53,0.88,0.9,0.09,0.64,0.68,1.23,1.05,0.41,1.02,0.5,0.88,0.99,1.1,0.0,0.17,0.92,0.94,0.99,1.24,0.73,0.84,0.62,1.27,0.96,0.97,0.4,0.52,0.92,0.72,0.9,0.46,0.86,0.29,0.0,0.57,0,0.12,0.53,0.53,0.0,0.93,0.49,0,0.0,0.0,1.15,0.22,0.52,0.85,0.54,0.16,0.15,0.0,0.0,0.38,0.0,0,0,0.4,0.0,0,0.0,0.28,0.0,0.53,0.0,1.33,1.46,1.5
mist,1.17,1.21,1.21,1.18,1.14,1.09,1.03,0.79,1.33,1.85,1.78,1.72,1.65,1.87,1.23,1.51,0.61,2.05,2.07,2.26,2.08,2.11,2.14,1.45,2.31,1.98,1.81,2.31,2.27,2.24,2.37,2.19,1.91,0.31,1.32,2.11,2.07,2.43,1.33,1.52,1.48,1.04,1.73,2.3,2.28,0.76,1.29,1.97,1.87,2.08,1.38,2.11,2.08,1.33,1.6,1.89,2.26,2.17,1.62,1.0,1.77,0.99,1.41,2.11,0.61,2.08,1.96,0.89,2.18,2.16,1.48,0.67,2.35,0.5,1.58,1.53,1.7,1.08,0.48,0.54,1.99,0.77,0.31,0.8,1.39,1.55,1.81,1.34,2.31,0.35,1.81,1.34,2.24,0.0,1.54,2.29,2.37,1.41,0.81,0.8,2.22,0.91,1.07,1.86,0.86,0.98,1.6,0.45,1.17,0.31,1.34,1.32,1.2,0.69,2.11,0.79,2.43,2.07,1.15,0.34,1.33,1.67,0,0.0,1.48,1.52,1.0,0.0,1.02,1.04,0.17,1.73,2.28,1.11,1.5,0.0,2.3,0.0,0.0,0.0,0.5,0,0.29,0.0,0.76,0.0,1.42,1.57,1.58
overcast clouds,0.97,1.34,1.13,1.3,1.26,0.96,1.24,1.02,1.37,1.39,1.93,1.87,1.71,1.54,1.64,1.19,0.79,1.52,1.48,1.71,1.17,1.29,1.69,1.21,1.41,1.22,1.69,1.13,1.45,1.23,1.14,1.6,1.22,0.0,0.58,1.08,1.87,1.37,0.4,0.97,0.45,1.1,0.63,0.0,1.5,0.54,1.34,1.45,2.08,1.69,1.62,1.58,2.12,1.74,1.95,1.95,1.71,1.52,1.34,1.39,1.26,1.19,1.52,1.17,1.68,1.58,1.12,0.88,1.69,1.29,1.92,0.83,1.46,0.88,1.29,1.2,1.0,1.02,1.26,0.71,1.22,0.9,0.42,0.4,0.79,1.28,1.7,0.64,1.13,0.35,0.8,1.26,1.23,0.0,1.28,1.5,1.14,0.89,0.78,0.92,1.63,0.81,0.92,1.17,0.29,0.33,0.75,0.66,0.28,0.0,0.66,0.58,0.54,0.5,1.08,0.82,1.37,1.87,0.8,0.0,0.4,0.0,0,0.3,0.45,0.97,0.0,0.14,0.56,1.1,0.36,0.63,1.5,0.0,1.32,0.0,0.0,1.42,1.98,0,0.0,0.0,0,0.0,0.54,0.0,1.43,1.55,1.59
broken clouds,1.22,1.2,1.23,1.24,1.2,1.21,1.23,1.08,1.48,1.34,1.62,1.96,1.94,1.47,1.85,1.21,1.03,1.39,1.47,1.27,1.14,1.31,1.28,0.84,1.4,0.84,1.21,1.29,1.11,1.21,1.18,1.29,1.28,0.9,1.41,0.88,0.86,0.83,0.92,0.45,0.88,0.67,0.94,0,0.47,0,1.44,1.35,2.12,1.56,1.93,1.42,1.94,1.0,1.5,2.18,1.27,1.51,1.36,1.73,1.26,1.48,1.9,1.16,0.9,1.4,1.31,1.67,1.29,1.34,2.0,1.23,1.45,1.27,0.91,1.33,0.83,0.93,0.49,0.69,0.86,0.71,1.4,0.59,1.08,1.05,1.22,0.58,1.29,0.33,0.87,0.74,1.21,1.13,0.9,1.14,1.18,1.11,1.37,0.58,1.28,0.46,0.56,1.31,0.58,0.56,0.38,0.76,0.77,0.9,0.54,1.41,0.54,0.55,0.88,0.0,0.83,0.86,0.64,0.0,0.92,0.22,0,0.33,0.88,0.45,0.0,0.77,0.61,0.67,1.27,0.94,0.47,0.0,0.28,0.0,0,0.0,0.0,0,0,0.0,0.0,0.0,0,0.0,1.42,1.56,1.6
scattered clouds,1.44,1.08,1.41,1.02,1.3,1.44,0.97,0.84,1.55,1.38,1.62,1.87,2.11,1.57,1.94,1.01,1.22,1.38,1.55,1.44,1.34,1.48,1.2,0.93,1.46,1.05,1.46,1.55,1.37,1.56,1.48,1.22,1.81,1.38,0.87,0.73,0.96,1.0,0.0,0.85,0.0,0.72,1.01,0,1.63,0.8,1.54,1.43,2.12,1.65,1.55,1.41,1.99,1.02,1.48,2.24,1.44,1.6,1.46,1.76,1.05,2.01,2.08,1.38,0.8,1.4,1.32,0.73,1.18,1.52,2.16,1.74,1.47,1.15,0.94,1.19,0.86,0.78,0.7,0.84,1.1,0.63,0.28,0.56,0.71,1.11,1.49,0.34,1.55,0.53,1.01,0.8,1.56,0.0,0.93,1.39,1.48,0.55,0.91,1.09,1.2,0.16,0.88,1.9,0.94,0.28,0.64,0.0,0.39,1.38,0.55,0.87,0.28,0.25,0.73,0,1.0,0.96,0.24,0.0,0.0,0.9,0,0,0.0,0.85,0.41,0.89,0,0.72,0.29,1.01,1.63,0.0,0.0,0.0,0,0,1.6,0,0.0,0.0,0,0.0,0.8,0.0,1.46,1.59,1.63
light rain,1.49,1.1,1.45,0.85,1.31,1.48,0.54,0.45,1.38,1.6,1.82,1.88,1.83,2.16,1.52,0.97,1.14,2.33,1.68,2.26,1.36,2.23,2.15,0.88,2.42,1.1,1.91,2.54,2.28,1.94,2.16,2.11,2.02,0.85,1.86,2.31,1.65,2.04,0.4,1.58,1.29,0.68,2.76,1.45,0.0,0.0,1.39,1.7,2.05,2.25,1.74,2.37,2.2,1.32,1.72,2.08,2.26,1.76,2.25,1.24,1.13,1.47,1.49,1.38,0.77,1.64,1.33,0.96,2.18,2.28,1.65,0.86,2.47,0.88,0.98,0.82,1.21,0.55,0.33,1.76,1.11,0.29,0.48,1.51,0.81,1.44,1.92,0.84,2.54,0.0,1.73,0.47,1.94,0.0,1.6,2.25,2.16,0.82,0.58,0.0,2.13,0.11,0.43,1.99,0.0,1.1,1.14,0.89,0.93,0.85,1.47,1.86,0,1.01,2.31,0,2.04,1.65,0.65,0.0,0.4,0.0,0.0,0,1.29,1.58,0.0,0.73,1.55,0.68,0.0,2.76,0.0,0.66,1.46,0.0,1.45,0,0.0,0.0,0.0,0.0,0.0,0.0,0.0,0,1.48,1.62,1.64
few clouds,1.44,1.2,1.48,1.12,1.4,1.44,1.17,0.97,1.6,1.39,1.56,1.81,2.11,1.6,2.45,0.88,1.53,1.29,1.53,1.23,1.48,1.21,1.19,1.31,1.32,1.01,1.08,1.45,0.9,1.45,0.98,0.95,0.86,0.22,0.82,0.68,0.0,0.92,0.96,0.52,0.0,0.88,0.0,0,0.72,0.79,1.6,1.39,2.03,1.51,1.56,1.28,1.94,1.07,1.27,2.29,1.23,1.5,1.7,2.54,0.95,1.95,1.89,1.51,0.73,1.49,1.39,0.81,1.21,1.23,2.35,1.54,1.26,2.23,1.39,1.12,1.24,0.56,1.1,1.13,1.03,0.57,0.0,0.81,0.58,1.37,1.1,0.13,1.45,0.26,1.03,1.4,1.45,0,0.51,0.91,0.98,0.8,1.53,1.35,0.96,0.98,1.54,0.87,1.53,0.0,1.18,0.0,0.87,0.22,1.28,0.82,0.76,0.66,0.68,0,0.92,0.0,0.67,0,0.96,0.37,0,0.0,0.0,0.52,0.0,0.44,0,0.88,1.16,0.0,0.72,0,0,0.67,0,0.0,0,0,0,0.0,0.0,0,0.79,0,1.51,1.65,1.69
light snow,0,1.5,0.84,1.73,1.09,0,1.73,1.39,1.34,1.82,1.97,1.85,1.65,1.69,1.22,2.61,0.36,1.72,2.29,1.93,2.04,1.5,1.82,1.68,1.42,3.01,1.3,0.0,1.48,1.21,0.0,0,0.0,0,1.03,0.0,0.0,0,2.11,2.01,4.86,0,4.18,2.17,0,0,1.3,1.96,2.14,1.84,1.35,1.77,2.43,1.33,1.93,1.9,1.93,2.41,1.64,0.72,2.92,0.73,1.46,2.08,0.7,1.87,1.23,1.06,1.88,1.41,1.55,0.1,1.44,0,1.85,2.95,1.14,2.52,0.77,0.0,3.02,2.23,0.95,0.0,1.1,1.79,1.3,0.86,0.0,2.02,0.0,0,1.21,0.0,1.38,1.5,0.0,1.41,1.04,0,0,0.0,0,0,0.92,0.0,0,0,0.0,0,0,1.03,0,0,0.0,0,0,0.0,1.88,0,2.11,0.3,0,0,4.86,2.01,0,0,0,0,0,4.18,0,0,0.0,0,2.17,0,0.0,0,0,0,0,0,0,0,1.49,1.68,1.71
Sky is Clear,1.63,0.93,1.67,0.79,1.33,1.74,0.38,0.23,1.24,1.16,1.1,1.47,1.78,1.76,2.02,0.24,2.72,1.46,0.76,0.95,1.07,1.08,0.68,0,1.61,0,0.13,0.92,0.96,1.04,1.2,1.27,1.35,0,2.15,0.68,0.0,0,0,0,0,2.17,0,0,0,0,1.69,1.14,1.23,1.59,1.57,1.44,1.17,0.95,0.89,1.36,0.95,0.7,1.74,1.94,0.28,1.96,1.42,0.99,0.23,1.46,0.73,0.81,0.72,1.13,1.57,1.22,1.48,1.67,0,0.0,1.07,0.0,0,1.62,0,0,0.9,1.21,0.64,0.33,0.13,0,0.92,0,0.0,0,1.04,0,0.25,0.32,1.2,0.0,0.0,0,1.34,0.48,0,1.37,0,0,0.75,0,1.3,0,1.7,2.15,0,2.43,0.68,0,0,0.0,0,0,0,0,0,0,0,0,0,0.42,0.0,2.17,0.69,0,0,0.0,0,0.0,0,0,0,0,0.0,0,0.45,0.0,0,0,1.54,1.65,1.69
moderate rain,1.65,1.11,1.6,0.71,1.41,1.69,0.47,0.31,1.55,1.73,1.88,2.01,2.01,2.3,1.51,0.91,1.12,2.62,1.92,2.46,1.45,2.78,2.42,0.6,3.07,1.24,2.47,3.12,2.38,2.76,2.84,3.2,2.33,1.1,1.79,3.01,2.42,1.75,0.0,0.7,1.45,1.89,2.32,1.81,1.56,0,1.54,1.85,2.21,2.49,1.74,2.64,2.22,1.29,1.92,2.39,2.46,2.0,2.27,1.32,1.08,1.46,1.66,1.48,0.74,1.62,1.55,0.98,2.45,2.81,1.65,0.94,3.1,0.84,0.69,0.57,1.11,0.32,0.21,0.89,1.2,0.19,0.32,2.36,0.84,2.02,2.47,1.57,3.12,0.0,2.55,0.33,2.76,0,1.85,2.42,2.84,0.68,1.18,0,3.21,0.21,0.0,2.28,0.0,0.0,1.89,0,0.47,1.1,2.14,1.79,0,1.79,3.01,0,1.75,2.42,1.16,0,0.0,0.0,0.82,0,1.45,0.7,0.0,0.0,0.34,1.89,0.0,2.32,1.56,1.65,1.81,0,1.81,0,0.0,0.0,0.86,0,0.0,0,0,0,1.55,1.72,1.73
haze,1.12,1.26,1.26,1.55,1.14,1.11,1.62,1.32,1.53,1.99,1.89,1.85,1.9,1.63,1.58,1.89,0.66,1.66,2.71,1.9,2.34,1.65,1.63,1.58,1.64,2.15,1.45,1.66,1.47,1.52,1.83,1.04,0.6,1.97,1.78,1.52,0.0,1.52,1.15,0.0,0.0,0,2.23,0.0,0.0,0.0,1.49,2.09,2.04,1.8,1.55,1.7,2.31,1.66,1.6,2.19,1.9,2.8,1.42,1.33,2.23,1.1,1.59,2.37,0.77,2.49,1.87,1.2,1.68,1.72,1.96,1.11,1.68,0.92,1.71,2.04,1.53,1.38,0.95,0.52,2.16,0.94,0.27,0.69,0.79,2.71,1.46,1.24,1.66,0.83,1.49,1.26,1.52,0,0.9,1.43,1.83,1.62,1.78,1.1,1.09,0.0,0.74,0.67,1.9,1.76,0.71,0.84,0.74,1.97,0.0,1.78,2.42,0,1.52,0.0,1.52,0.0,1.99,1.38,1.15,1.93,0,0,0.0,0.0,1.1,0,0.0,0,0.0,2.23,0.0,0.0,0.0,0,0.0,0.0,0,0.0,0,0,0,0,0.0,0,1.57,1.72,1.75
light intensity drizzle,1.5,1.38,1.58,0.9,1.59,1.47,0.26,0.0,1.64,1.92,2.03,2.08,1.92,2.41,1.24,1.18,0.78,2.7,2.12,2.89,1.73,2.77,2.93,0.94,2.81,1.41,2.57,3.11,2.9,2.68,2.91,2.9,2.64,0.51,1.52,3.38,2.7,2.53,0.42,1.27,1.18,0.54,1.76,1.79,0,0,1.59,2.09,2.33,2.69,1.65,2.77,2.44,1.45,2.11,2.34,2.9,2.22,2.14,0.81,1.4,1.27,1.64,1.74,0.55,1.92,1.73,1.62,2.99,2.72,1.66,0.54,2.86,0.55,1.08,1.07,1.82,0.8,0.46,0.39,1.39,0.19,0.3,1.79,1.16,1.73,2.58,1.22,3.11,0.0,2.96,0.32,2.68,0,2.33,2.9,2.91,0.96,0.9,0,2.97,0.64,0.57,2.53,0,0.0,2.54,0.0,0.45,0.51,1.3,1.52,0,1.15,3.38,0,2.53,2.7,0.87,0,0.42,0.0,0,0,1.18,1.27,0.0,0.0,1.53,0.54,0,1.76,0,1.02,0.0,0,1.79,0,0.0,0.0,0.0,0,0,0,0,0,1.62,1.78,1.78
fog,1.33,1.5,1.45,1.34,1.27,1.12,1.01,0.8,1.55,2.15,2.05,1.96,1.9,2.28,1.53,1.71,0.7,2.64,2.36,2.83,3.1,2.31,2.67,1.92,2.38,2.44,2.89,2.35,3.41,2.52,2.69,2.4,2.68,0.0,0.57,1.49,0.0,0.0,0.0,3.8,1.77,0,0.0,2.53,0.0,0,1.5,2.34,2.03,2.52,1.86,2.71,2.22,1.58,1.9,2.16,2.83,2.48,1.87,1.2,2.0,1.12,1.52,3.14,0.52,2.65,2.76,0.87,2.73,2.49,1.96,0.9,2.36,0.0,2.06,1.79,2.15,0.91,0.0,0.0,2.46,0.18,0,0.8,1.28,1.53,2.9,1.29,2.35,0.0,1.44,2.51,2.52,0.0,1.92,3.46,2.69,2.0,0.49,1.12,2.42,0.0,1.92,2.57,1.61,0.0,2.27,0.0,1.82,0.0,0.0,0.57,0.0,0,1.49,0.48,0.0,0.0,1.0,0.0,0.0,0.0,0,0.0,1.77,3.8,0,0.0,0,0,0.0,0.0,0.0,0,0.0,0,2.53,0.0,0,0,0,0,0.0,0,0,0,1.63,1.79,1.81
proximity thunderstorm,1.98,0.69,1.68,0.33,1.11,2.18,0.18,0.2,1.91,1.68,1.85,2.32,2.55,2.35,1.91,0.42,1.22,2.34,1.74,2.36,1.49,3.32,1.6,0.25,2.63,0.44,2.84,3.63,1.71,2.42,3.02,3.26,2.37,0.0,2.15,2.69,2.86,0.64,0.6,1.12,0,2.14,0.0,0,0.9,0,1.89,1.76,2.75,2.59,1.84,2.4,2.32,0.95,1.63,3.06,2.36,1.74,2.01,1.55,0.55,1.7,2.37,1.53,0.76,1.7,1.47,1.37,1.61,3.26,2.06,0.85,2.67,1.66,0.28,0.34,0.48,0.0,0,0.69,0.5,0,0.0,1.22,0.57,1.28,2.85,0,3.63,0.0,3.81,0,2.42,0,0.54,1.74,3.02,0.0,0.41,0,3.26,0.0,0.0,2.21,0.0,0.0,2.73,0,0.73,0.0,1.86,2.15,0,0.0,2.69,0,0.64,2.86,0.0,0,0.6,0.0,0,0,0,1.12,0,0.0,0.0,2.14,0,0.0,0.9,0.0,2.79,0,0,0,0,0,0.0,0,0,0,0,0,1.65,1.83,1.83
drizzle,1.45,1.45,1.65,0.98,1.81,1.46,0.55,0,1.66,2.09,2.15,2.18,1.9,2.44,1.12,1.45,0.71,2.91,2.47,3.08,1.67,2.96,3.41,0.99,3.48,2.18,2.87,3.06,3.54,2.23,3.57,3.57,2.53,0.53,2.05,2.83,2.19,2.38,0,1.87,2.67,0,4.18,0.0,0.0,0,1.6,2.28,2.37,2.73,1.59,2.99,2.64,1.49,2.13,2.42,3.08,2.61,2.22,0.55,1.74,1.09,1.38,1.7,0.96,2.03,1.73,0.65,3.45,2.96,1.49,0.97,3.52,0.44,1.09,0.69,1.91,0.78,0.67,0.2,2.16,0.3,0.0,1.36,1.71,2.39,2.87,1.28,3.06,0.0,3.12,0.63,2.23,0,2.76,3.61,3.57,0.66,0.55,0,3.53,0.0,0.0,2.12,0.0,0.0,0.0,0.5,0.51,0.53,1.08,2.05,0,0.0,2.83,0,2.38,2.19,1.55,0,0,0.0,0,0,2.67,1.87,0.0,0,0.56,0,0,4.18,0.0,2.49,0.0,0,0.0,0,0,0.0,0,0,0,0,0,0,1.7,1.86,1.87
heavy snow,0.0,1.88,0.0,1.92,1.56,0,1.63,1.28,1.14,2.11,2.35,1.95,1.55,2.02,1.29,0.96,0,1.85,2.38,2.32,2.84,1.33,2.16,3.66,0.0,3.77,0,0,0.0,0,0,0.0,0,0,0.0,0,0.0,0.0,0.0,0.0,4.25,0,0.0,5.59,0,1.8,1.1,2.31,1.86,2.29,2.35,1.9,2.7,2.38,2.0,1.87,2.32,2.53,1.12,1.34,1.1,0.7,1.53,2.93,1.48,1.88,1.59,1.66,2.21,1.39,1.25,0.49,0.0,0.52,3.92,1.43,2.21,0.33,0.67,0,3.85,0.31,0,0,0.0,2.42,0,0,0,0,0,4.93,0,0,0.41,0.0,0,2.35,0.22,2.76,0.0,0.3,3.44,0,0.0,0,0,2.22,0,0,0,0.0,2.19,0,0,2.1,0.0,0.0,1.98,0,0.0,0,0,1.74,4.25,0.0,0.0,0.0,0,0,0,0.0,0,0,0,0,5.59,2.66,0,0,0,0,0,0,1.8,0,1.67,1.84,1.85
heavy intensity rain,2.0,0.73,1.69,0.36,1.34,2.22,0.28,0,1.98,1.92,2.07,2.49,2.46,2.46,1.77,0.49,1.49,2.6,2.03,2.69,1.59,3.65,2.28,0.0,3.51,0.72,3.08,3.88,1.87,3.04,4.13,3.74,2.38,0.64,3.35,3.25,3.06,1.3,0,0,0,0.73,0.0,0,3.29,0,1.98,2.06,2.83,2.69,1.94,2.67,2.54,1.34,2.08,3.03,2.69,2.11,2.43,1.61,0.65,1.91,2.13,1.63,0.52,1.73,2.06,0.84,2.29,3.62,1.9,1.12,3.43,1.21,0.0,0.0,0.65,0.0,0,0.67,0.4,0,0.36,1.78,0.61,1.42,3.08,1.05,3.88,0,5.84,0.0,3.04,0,1.55,1.95,4.13,1.29,0.0,0,3.68,0.0,0,2.34,0.0,0.0,2.23,0,1.3,0.64,2.95,3.35,0,2.14,3.25,0,1.3,3.06,1.81,0,0,0.0,0,0,0,0,0,0.0,0.0,0.73,0,0.0,3.29,2.83,1.73,0,0,0,0,0.0,0.0,0,0,0,0,0,1.68,1.9,1.9
snow,0,2.01,1.78,1.88,1.87,0,1.58,1.7,1.91,2.19,2.86,2.55,2.3,2.21,1.51,2.62,0,2.52,2.32,2.7,3.01,2.0,2.27,3.06,1.82,4.28,1.69,0.0,0.6,0.0,0,0,0.0,0,0.0,0,0.0,0,3.36,7.1,4.21,0,6.36,8.76,0,0.0,1.84,2.4,2.71,2.47,2.27,2.59,3.16,2.58,3.03,2.9,2.7,2.41,2.11,0.66,2.92,1.33,1.22,3.1,1.46,1.93,2.43,1.91,2.25,2.02,2.14,0.0,1.85,0,3.32,2.71,1.56,1.63,0.0,0,4.27,0.53,0.55,0,0.57,1.98,1.69,0.0,0.0,0.0,0.0,5.59,0.0,0,0.91,0.61,0,1.8,0.0,1.14,0,0.0,3.03,0,0.62,0,0,0.73,0,0,0,0.0,0.0,0,0,0.0,0,0.0,3.51,0,3.36,0,0,0.0,4.21,7.1,0,0,0,0,0,6.36,0,0,0.0,0,8.76,0.0,0,0,0,0,0,0,0.0,0,1.81,1.95,1.97
proximity shower rain,2.2,0.95,1.87,0.46,1.55,2.54,0.0,0,1.98,2.06,1.93,2.7,2.76,2.72,2.52,0.92,0.72,2.99,2.47,3.35,1.03,3.27,2.82,0,2.99,1.24,5.02,4.56,3.01,2.68,4.2,4.77,1.25,0,0,5.44,0.0,4.62,0,0,0.0,0.0,0,0,0,0,1.92,2.05,3.22,3.02,2.26,3.07,2.68,1.08,1.37,3.12,3.35,2.56,2.52,1.62,1.15,2.5,2.24,1.05,0.35,1.62,2.58,1.7,2.71,3.39,3.48,0.4,3.06,1.72,0,1.14,1.7,0.0,0,0.0,1.25,0,0,0,0.0,1.43,5.03,0,4.56,0,1.53,0,2.68,0,2.72,3.06,4.2,0,0.0,0,4.81,0,0,1.27,0.0,0,0.0,0,0,0,1.0,0,0,0.0,5.44,0,4.62,0.0,0,0,0,0,0,0,0.0,0,0,0.0,0,0.0,0,0,0,0,0,0,0,0,0,0,0,0,0,0,0,0,1.87,2.02,2.07
thunderstorm,2.3,0.96,1.88,0,1.31,2.52,0,0,2.34,1.95,1.86,2.51,2.92,2.59,2.5,0.38,1.45,2.51,2.26,2.79,2.16,3.77,1.39,0,3.3,0,3.37,4.25,1.41,2.21,3.92,4.62,2.01,0,2.24,4.6,4.44,0.0,0,0.0,0,0,0.0,0,0.0,0,2.26,1.91,2.94,2.85,2.34,2.58,2.15,1.37,2.38,3.3,2.79,2.38,2.17,2.08,0.45,2.3,2.43,2.2,0.59,1.85,2.38,1.33,1.42,3.77,2.84,0.96,3.32,2.09,0,0,0.71,0,0,0.75,0,0,0,1.72,0.0,1.82,3.38,0,4.25,0,4.35,0,2.21,0,0.0,1.43,3.92,0,0,0,4.79,0,0,2.03,0,0,2.9,0,0,0,0.0,2.24,0,0,4.6,0,0.0,4.44,0,0,0,0,0,0,0,0.0,0,0,0,0,0,0.0,0.0,0.0,0,0,0,0,0,0,0,0,0,0,0,0,1.89,2.04,2.08
heavy intensity drizzle,1.78,1.31,1.9,0.85,2.09,2.02,0,0,2.15,2.58,2.94,2.67,2.22,2.97,1.26,1.16,0.77,3.55,2.18,3.58,1.19,3.78,4.25,0.0,4.9,2.17,3.76,4.32,5.35,5.13,1.77,4.86,0.0,0,0.0,3.61,5.14,0.0,0,0,0,0,0.0,0,0.0,0,2.0,2.82,3.0,3.34,2.54,3.65,3.06,1.71,4.73,2.78,3.58,2.46,2.67,0.54,1.46,0.56,2.04,1.22,0.0,2.47,2.29,0,4.35,3.82,2.03,0.0,4.99,0,0.0,0.95,1.57,1.0,0.0,0.0,2.2,0,0,0.0,0.0,0.77,3.77,0,4.32,0,1.41,0,5.13,0,3.18,5.57,1.77,0,0,0,5.42,0,0,0.0,0,0,0,0,0,0,0,0.0,0,0,3.61,0,0.0,5.14,0,0,0,0,0,0,0,0,0,0,2.03,0,0,0.0,0.0,3.34,0,0,0,0,0,0,0,0,0,0,0,0,1.96,2.31,2.21
thunderstorm with heavy rain,2.17,1.0,1.91,0.0,1.14,2.6,0,0,2.25,2.17,2.6,2.76,3.2,2.76,2.05,0.65,1.91,2.85,2.29,2.28,1.76,4.8,1.84,0,4.13,0.0,3.47,5.08,0.97,4.66,3.94,6.04,3.4,0.0,3.46,3.62,0.0,0,0,0,0,2.85,0.0,0,0.0,0,2.28,2.29,3.07,3.12,2.39,2.94,2.88,0.0,2.94,3.74,2.28,2.21,2.75,2.02,0.77,2.72,2.37,1.85,0,1.81,1.13,0.0,1.47,4.86,1.96,0.67,4.2,2.46,0,0,0.0,0.0,0,0.0,0.0,0,0,1.25,0,0.0,3.47,0,5.08,0,0.0,0,4.66,0,0.0,0.98,3.94,0.0,0.0,0,6.09,0,0,3.45,0,0,1.51,0,0.0,0.0,0.0,3.46,0,0,3.62,0,0,0.0,0,0,0,0,0,0,0,0,0,0,0,2.85,0,0.0,0.0,0,0,0,0,0,0,0,0,0,0,0,0,0,2.01,2.16,2.2
thunderstorm with light rain,2.28,1.07,2.01,0.52,1.29,2.46,0,0,2.21,1.97,2.44,2.67,3.27,2.84,2.3,0.0,1.29,2.94,2.07,2.56,1.59,3.99,1.4,0,2.94,0,3.69,3.66,2.56,4.39,4.69,4.17,4.89,0,0.0,2.23,0.0,0,0,0,0,0,0,0,0.0,0,2.19,2.13,3.39,3.32,2.31,2.96,3.11,2.18,1.85,3.88,2.56,1.97,2.46,1.6,0,2.02,2.77,1.62,0,1.56,1.49,0.92,1.44,4.1,2.37,0.0,3.06,2.65,0,0,0.0,0.0,0,0.0,0,0,0,1.25,0,0.0,3.69,0,3.66,0,5.36,0,4.39,0,0,2.6,4.69,0,0,0,4.21,0,0,4.96,0.0,0,3.5,0,0,0,0,0.0,0,0.0,2.23,0,0,0.0,0,0,0,0,0,0,0,0,0,0,0,0,0,0,0.0,0,0,0,0,0,0,0,0,0,0,0,0,0,2.0,2.22,2.2
proximity thunderstorm with rain,2.31,1.13,2.21,0.0,1.69,2.5,0,0,2.5,2.11,2.3,2.69,3.08,2.94,2.63,0,1.57,3.02,2.91,3.24,1.31,3.9,2.73,0.0,4.12,0,3.28,3.61,2.29,3.28,4.49,4.53,2.61,0,0.0,2.44,2.75,0,0,0,0,0,0,0,0,0,2.43,2.27,2.93,3.19,2.39,3.1,2.76,1.97,1.96,4.14,3.24,2.91,3.25,1.29,0,1.39,2.88,1.34,0.89,1.66,2.33,0.0,2.6,3.88,3.49,0.0,4.19,0.0,0.0,0,1.73,0,0,0,0,0,0,0,0.0,0.0,3.28,0,3.61,0,4.8,0.0,3.28,0,3.49,2.32,4.49,0.0,0,0,4.58,0,0,2.64,0,0,0.0,0,0,0,0.0,0.0,0,0,2.44,0,0,2.75,0,0,0,0,0,0,0,0,0,0,0,0,0,0,0,0,0,0,0,0,0,0,0,0,0,0,0,0,2.08,2.22,2.22
thunderstorm with rain,2.35,1.29,2.0,0,1.8,2.56,0,0,2.47,2.42,2.46,3.16,3.12,2.85,1.43,0.0,1.33,3.21,3.27,2.4,2.29,4.04,2.12,0,4.67,0.0,4.86,4.37,0.0,5.54,3.54,4.03,4.65,0,0.0,0.0,0.0,0,0,0,0,0,0,0,0.0,0,2.42,2.69,3.75,3.27,2.24,3.25,2.81,1.49,2.3,4.0,2.4,3.24,3.15,2.1,0.0,1.07,1.97,2.34,0.0,2.21,1.9,0.0,1.95,4.08,1.51,1.57,4.76,0,0,0,0.77,0,0,0.0,0,0,0,1.49,0.0,0.0,4.86,0,4.37,0,2.97,0,5.54,0,1.9,0.0,3.54,0.0,0,0,4.07,0,0,4.71,0,0.0,2.38,0,0.0,0,0.0,0.0,0,0,0.0,0,0,0.0,0.0,0,0,0,0,0,0,0,0,0.0,0,0,0,0,0.0,0,0,0,0,0,0,0,0.0,0,0,0,0,0,2.0,2.27,2.25
smoke,2.57,0,1.9,0,1.0,5.7,0,0,2.67,2.54,1.8,2.97,2.01,2.24,3.43,0,0,4.95,3.87,4.44,0.0,0.0,6.19,0,4.82,0,0,0,0,0.0,0,0,0,10.07,0.0,0,0,0,0,0,0,0,0,0,0,0,2.59,2.8,3.57,2.52,5.39,5.08,5.13,0,0.97,0.62,4.44,4.13,0,0.0,0,2.95,0.0,0.0,0,0.0,0.0,0,6.35,0.0,4.69,0,4.91,0,0,0,0,0,0,0,0,0,0,0,0,0.0,0,0,0,0,0.0,0,0.0,0,0,0,0,0,0.0,0,0,0,0,0,0.0,0,0,0,0,10.07,0,0.0,0,0,0,0,0,0,0,0,0,0,0,0,0,0,0,0,0,0,0,0,0,0,0,0,0,0,0,0,0,0,0,0,0,0,2.11,2.3,2.33
very heavy rain,2.47,0.0,0.49,0.88,0,3.03,1.3,0.0,1.91,2.44,2.01,2.28,2.92,2.31,3.86,1.54,2.9,2.62,2.75,1.61,2.27,4.3,1.23,0.0,4.83,0.0,0,5.0,0.0,5.4,2.75,0.0,0.0,0,4.72,3.74,0.0,0,0,0,0,5.13,0,0,0,0,2.22,2.6,2.74,2.68,1.73,2.69,3.17,0.0,1.7,2.26,1.61,2.93,2.35,4.81,1.83,4.0,2.02,2.32,0,1.77,0.0,1.54,1.26,4.46,2.59,0.0,4.92,2.61,0.0,1.72,0,0,0,0.0,0.0,0,1.47,0.0,0,0,0,0,5.0,0,0.0,0,5.4,0,0,0.0,2.75,0,0,0,0.0,0,0,0.0,0,0,0.0,0,0,0,0,4.72,0,0,3.74,0,0,0.0,0,0,0,0,0,0,0,0,0,0,0.0,5.13,0,0,0,0,0,0,0,0,0,0,0,0,0,0,0,0,2.08,2.28,2.35
thunderstorm with light drizzle,2.31,0.91,2.13,0,0.0,2.87,0,0,3.38,2.66,3.55,3.19,4.0,3.21,3.19,0.0,1.31,3.98,3.21,3.81,1.78,4.81,3.82,0,5.4,0,4.33,4.95,6.17,6.41,3.0,8.61,0.0,0,3.9,7.13,9.03,0,0,0,0,0.0,0,0,0,0,3.49,2.93,4.1,3.68,3.32,4.08,4.84,0,2.46,3.55,3.81,3.42,1.49,0.0,0.0,2.49,4.39,1.82,0,1.65,0.0,0,3.92,5.0,5.36,0,5.5,0,0,0,0,0,0,0,0,0,0,0.0,0,0.0,4.34,0,4.95,0,0.0,0,6.41,0,0,6.27,3.0,0,0,0,8.69,0,0,0.0,0,0,0.0,0,0,0,0,3.9,0,0,7.13,0,0,9.03,0,0,0,0,0,0,0,0,0,0,0,0.0,0,0,0,0,0,0,0,0,0,0,0,0,0,0,0,0,2.09,2.47,2.38
proximity thunderstorm with drizzle,2.28,0.64,2.72,0,2.27,2.36,0,0,3.35,2.65,3.11,3.98,2.54,3.33,0.0,0,0,4.14,1.73,3.45,0.0,4.55,4.06,0.0,4.58,0.0,0.0,2.81,3.88,2.51,0.0,6.93,0.0,0,0.0,5.74,5.94,0,0,0,0,0,0,0,0,0,3.25,2.92,4.78,3.74,0.0,4.26,3.39,1.22,2.63,2.0,3.45,1.85,4.02,0,0,1.64,0.0,0.0,2.77,2.33,0.0,0,4.16,4.72,0.0,0,4.66,0,0.0,0,0,0,0,0,0.0,0,0,0,0,0.0,0.0,0,2.81,0,0.0,0,2.51,0,0.0,3.94,0.0,0,0,0,7.0,0,0,0.0,0,0,0,0,0,0,0,0.0,0,0,5.74,0,0,5.94,0,0,0,0,0,0,0,0,0,0,0,0,0,0,0,0,0,0,0,0,0,0,0,0,0,0,0,0,2.22,2.7,2.53
light intensity shower rain,2.55,0.97,2.15,0.0,0.75,3.83,0,0,3.84,1.13,2.12,3.33,3.83,2.77,3.5,0,0,4.16,3.82,3.17,0.0,3.89,2.6,0.0,2.72,0,1.59,0.0,0.0,0,0,0,0,0,0,0,0,8.58,0,0,0,0,0,0,0,0,3.72,1.24,4.0,2.66,1.42,4.27,2.87,0,1.75,4.12,3.17,4.07,2.63,3.03,0,3.53,4.16,0.0,0,2.33,0.0,0,2.67,4.04,5.21,0,2.78,0,0.0,0,0,0,0,0,0,0,0,0,0,0.0,1.59,0,0.0,0,0,0,0,0,0.0,0.0,0,0,0,0,0,0,0,0,0,0,0,0,0,0,0,0,0,0,0,0,8.58,0,0,0,0,0,0,0,0,0,0,0,0,0,0,0,0,0,0,0,0,0,0,0,0,0,0,0,0,0,2.05,2.53,2.4
light shower snow,0,2.34,0,1.7,0,0,2.33,0.0,1.48,1.86,2.53,2.15,0.0,2.86,1.72,3.84,0,0.0,4.16,3.74,0.0,3.32,0.0,0.0,0.0,4.71,0.0,0,0,0.0,0,0,0,0,0,0,0,0,11.04,0,0,0,0.0,0,0,0,1.43,2.05,2.59,3.22,0.0,0.0,3.43,0,0.0,0.0,3.74,4.44,0,0,4.36,0,0.0,0.0,0,0,0,0,0.0,3.45,2.35,0,0.0,0,0.0,4.1,0,0.0,0,0,4.77,0.0,0,0,0,0,0.0,0,0,3.97,0,0,0.0,0,0,0,0,0,0,0,0,0,0,0,0.0,0,0,0,0,0,0,0,0,0,0,0,0,0,0,0,11.04,0,0,0,0,0,0,0,0,0,0,0.0,0,0,0,0,0,0,0,0,0,0,0,0,0,0,1.91,2.36,2.43
shower drizzle,0,2.28,0,1.72,0.0,0,2.17,0.0,3.19,3.07,4.43,2.78,3.65,2.99,1.95,3.53,0,4.35,1.73,4.8,2.51,4.42,4.13,0,0,4.09,0,0.0,0,0,0,0,0,0,0,0,0,0,0,10.28,0,0,0.0,0.0,0,0,3.09,3.38,3.34,3.35,0.0,4.47,6.5,0.0,4.65,4.66,4.81,1.84,0.0,0,4.18,0,0.0,2.56,0,0,0.0,0,4.23,4.59,2.67,0,0,0,0,2.87,0,0,0,0,4.14,0,0,0,0,0,0,0,0.0,0,0,0,0,0,0,0,0,0,0,0,0,0,0,0,0,0,0,0,0,0,0,0,0,0,0,0,0,0,0,0,0,0,0,0,0,10.28,0,0,0,0,0,0.0,0,0,0,0,0.0,0,0,0,0,0,0,0,0,0,2.82,2.46,2.68
light rain and snow,0,2.86,0.0,0.0,0.0,0,0.0,0,0.0,3.07,0.0,3.98,0,3.71,0.0,2.78,0,4.7,0.0,4.8,3.64,0,4.42,3.4,0.0,5.39,0,0,0,0,0,0,0,0,0,0,0,0,0,0,10.28,0,0,0,0,0,0.0,3.38,4.78,4.17,0.0,4.82,0.0,0,0.0,0,4.81,0.0,0.0,0,3.3,0,0,3.71,0,0.0,0.0,0,4.94,0,0.0,0,0.0,0,3.74,0.0,0.0,0,0,0,5.45,0,0,0,0,0.0,0,0,0,0,0,0,0,0,4.46,0,0,0,0,0,0,0,0,0,0,0,0,0,0,0,0,0,0,0,0,0,0,0,0,0,0,0,0,0,10.28,0,0,0,0,0,0,0,0,0,0,0,0,0,0,0,0,0,0,0,0,0,2.29,2.6,2.53
SQUALLS,3.13,1.69,2.75,0,1.82,3.33,0,0,1.54,2.81,3.3,3.36,4.45,3.22,4.14,0,3.21,3.24,0,3.58,0,4.73,0,0,5.83,0,0.0,0,0,5.37,0,0,0,0,7.24,0.0,0,0,0,0,0,0,0,0,0,0,2.32,3.5,3.04,3.07,4.0,3.33,3.36,0,2.61,5.68,3.58,0,2.77,2.78,0,0.0,0.0,0,0,0,0.0,0,0,4.91,2.62,0,5.94,0.0,0,0,0,0,0,0,0,0,0,0.0,0,0,0.0,0,0,0,0,0,5.37,0,0,0,0,0,0,0,0,0,0,0,0,0,0.0,0,0,0,0,7.24,0,0,0.0,0,0,0,0,0,0,0,0,0,0,0,0,0,0,0,0,0,0,0,0,0,0,0,0,0,0,0,0,0,0,0,2.37,2.53,2.61
sleet,0,3.0,0,0,0.0,0,0,0,0.0,2.42,0.0,0.0,0.0,3.68,0,3.16,0,3.28,0.0,4.81,0,0.0,2.53,0,3.81,4.26,0.0,0.0,6.12,0.0,0,0,0,0,0,0,0,0,0,0.0,0,0,0,0,0,0,0.0,2.67,0.0,4.14,0.0,3.37,0.0,0,0.0,0.0,4.82,0.0,3.17,0,3.75,0,0,0,0,0,0.0,0,2.59,0.0,0,0,3.88,0,0,0,0.0,0,0,0,4.31,0,0,0,0,0,0.0,0,0.0,0,0,0,0.0,0,0,6.22,0,0,0,0,0,0,0,0,0,0,0,0,0,0,0,0,0,0,0,0,0,0,0,0,0,0,0,0,0,0.0,0,0,0,0,0,0,0,0,0,0,0,0,0,0,0,0,0,0,0,0,2.04,2.92,2.66
freezing rain,0,1.9,0,2.46,0,0,0,0,0.0,3.31,0.0,0,0,2.33,0,3.27,0,3.4,0.0,3.75,3.19,0,0,4.31,0,4.18,0,0,0,0,0,0,0,0,0,0,0,0,0,0.0,0,0,0,0,0,0,0.0,3.65,0,2.62,0,3.49,0.0,0,0,0,3.75,0.0,0,0,3.89,0,0,3.25,0,0,0,0,0,0,0,0,0,0,4.75,0,0.0,0,0,0,4.23,0,0,0,0,0.0,0,0,0,0,0,0.0,0,0,0,0,0,0.0,0,0,0,0,0,0,0,0,0,0,0,0,0,0,0.0,0,0,0,0,0,0,0,0,0,0,0,0,0.0,0,0,0,0,0,0,0,0,0,0,0,0,0,0,0,0,0,0,0,0,2.47,3.27,2.73
thunderstorm with drizzle,2.28,0.0,0.0,0,2.52,2.63,0,0,0.0,3.31,2.6,4.32,2.85,0.0,3.27,0,0,2.76,0.0,0,0.0,4.22,0.0,0,3.74,0,0,0.0,0.0,0.0,0.0,0,0.0,0,0,0,0,0,0,0,0,0,0,0,0,0,0.0,2.24,3.19,0.0,0.0,2.84,3.53,0,0,0.0,0,0.0,0,3.84,0,0,0.0,0.0,0,0,0.0,0,0.0,4.38,0.0,0,3.81,0,0,0,0.0,0,0,0,0,0,0,0,0,0,0,0,0.0,0,0,0,0.0,0,0,0.0,0.0,0,0,0,0,0,0,0.0,0,0,0,0,0,0,0,0,0,0,0,0,0,0,0,0,0,0,0,0,0,0,0,0,0,0,0,0,0,0,0,0,0,0,0,0,0,0,0,0,0,0,3.04,2.66,3.37
shower snow,0,0.0,0,3.4,0,0,0.0,0,2.95,3.47,3.6,0,3.95,0.0,4.53,0,0,0,0.0,0,0,0,0.0,5.97,0,7.13,0,0,0,0,0,0,0,0,0,0,0,0,0,0,0,0,0,0,0,0,2.86,3.82,0,0.0,0,0,0.0,0,0.0,5.04,0,0,0.0,5.32,0,0,0.0,0,0,0,0,0,0.0,0,0,0,0,0,6.58,0,0,0,0,0,0.0,0,0,0,0,0.0,0,0,0,0,0,0.0,0,0,0,0,0,0,0,0,0,0,0,0,0,0,0,0,0,0,0,0,0,0,0,0,0,0,0.0,0,0,0,0,0,0,0,0,0,0,0,0,0,0,0,0,0,0,0,0,0,0,0,0,0,0,0,2.59,2.79,2.87
sky is clear_0,1.23,1.01,1.28,1.03,1.19,1.22,1.02,0.97,1.47,1.19,1.28,1.51,1.78,1.28,1.67,1.02,1.18,1.05,1.42,1.09,1.25,1.1,0.84,0.82,1.07,0.82,0.97,0.99,0.84,1.06,0.94,0.85,0.97,0.84,1.07,0.57,0.48,0.11,0.87,1.08,0.0,0.86,0.14,0,0.0,0.5,1.47,1.21,1.72,1.31,1.18,1.05,1.56,0.86,1.01,1.97,1.09,1.45,1.11,1.43,1.05,1.42,1.63,1.26,0.61,1.27,1.12,0.67,0.87,1.13,1.95,1.0,1.07,0.92,0.78,1.11,0.8,1.07,0.46,0.74,0.83,0.85,0.21,0.7,0.65,1.16,0.98,0.38,0.99,0.47,0.82,0.93,1.06,0.0,0.18,0.86,0.94,0.94,1.23,0.69,0.84,0.51,1.19,0.98,0.91,0.37,0.53,0.86,0.78,0.84,0.71,1.07,0.27,0.61,0.57,0,0.11,0.48,0.5,0.0,0.87,0.46,0,0.0,0.0,1.08,0.21,0.31,0.94,0.86,0.29,0.14,0.0,0.84,0.35,0.0,0,0,0.38,0.0,0.0,0.0,0.26,0.0,0.5,0.0,1.32,1.44,1.48
mist_0,1.22,1.24,1.27,1.21,1.18,1.15,1.06,0.86,1.41,1.9,1.88,1.84,1.71,1.99,1.26,1.58,0.58,2.24,2.16,2.43,2.2,2.35,2.29,1.6,2.56,2.25,2.12,2.75,2.43,2.51,2.56,2.6,1.97,0.4,1.5,2.37,2.34,2.81,1.61,1.94,1.88,0.71,2.34,3.08,2.41,0.92,1.37,2.07,2.01,2.21,1.54,2.3,2.23,1.37,1.73,2.01,2.43,2.29,1.76,0.94,1.87,0.96,1.38,2.25,0.69,2.0,1.83,0.95,2.33,2.41,1.55,0.59,2.6,0.68,1.76,1.63,1.47,1.22,0.47,0.55,2.27,0.82,0.24,0.99,1.01,1.56,2.12,1.03,2.75,0.48,2.44,1.51,2.51,0.0,1.58,2.47,2.56,1.24,0.78,0.76,2.6,0.35,1.17,1.89,0.67,1.36,1.81,0.44,0.96,0.4,1.53,1.5,1.69,1.02,2.37,0.49,2.81,2.34,1.26,0.26,1.61,0.0,0,0.0,1.88,1.94,1.51,0.0,0.75,0.71,0.0,2.34,2.41,1.38,1.92,0.0,3.08,0.0,0.0,0,0.46,0,0.0,0.0,0.92,0.0,1.47,1.63,1.63
broken clouds_0,1.35,1.19,1.36,1.22,1.29,1.32,1.22,1.03,1.58,1.51,1.77,2.01,2.1,1.61,1.87,1.21,0.86,1.53,1.7,1.62,1.46,1.55,1.52,1.01,1.52,1.08,1.51,1.68,1.5,1.46,1.55,1.61,1.67,1.5,0.98,1.0,1.34,1.04,1.73,0.65,1.92,1.03,0.47,0,0.91,0,1.54,1.57,2.35,1.73,1.63,1.57,2.19,1.11,1.57,2.45,1.62,1.74,1.54,1.61,1.27,1.48,2.0,1.49,1.14,1.62,1.37,0.96,1.51,1.57,2.14,1.07,1.55,1.23,1.03,1.34,1.07,0.96,0.51,0.68,1.1,0.82,0.37,0.59,0.7,1.2,1.52,0.55,1.68,0.48,1.08,1.13,1.46,0.74,0.96,1.54,1.55,1.14,1.4,0.93,1.62,0.65,1.08,1.69,0.97,0.0,0.65,1.64,0.63,1.5,0.66,0.98,0.41,0.28,1.0,0,1.04,1.34,1.02,0.0,1.73,0.35,0,0.0,1.92,0.65,0.0,0.51,0.88,1.03,0.0,0.47,0.91,0,0.64,0,0,0.0,0.0,0,0,0.0,0,0,0,0,1.52,1.65,1.68
light rain_0,1.51,1.2,1.51,0.91,1.42,1.49,0.52,0.5,1.55,1.78,1.9,2.0,1.96,2.22,1.59,1.21,0.97,2.48,1.91,2.51,1.66,2.52,2.48,1.09,2.56,1.4,2.15,2.84,2.5,2.2,2.49,2.48,2.2,1.07,1.71,2.57,1.74,2.11,0.5,2.26,1.48,0.7,3.95,1.82,0.0,0.0,1.53,1.91,2.25,2.45,1.67,2.54,2.36,1.33,1.82,2.3,2.51,2.02,2.02,1.22,1.42,1.33,1.73,1.68,0.52,1.83,1.47,0.97,2.51,2.56,1.92,0.82,2.6,1.05,1.22,1.02,1.55,0.68,0.45,1.19,1.42,0.42,0.19,1.01,1.05,1.7,2.15,0.94,2.84,0.0,2.03,0.48,2.2,0.0,1.73,2.51,2.49,0.83,0.73,0.0,2.52,0.17,0.56,2.14,0.0,1.38,1.29,1.11,0.93,1.07,1.31,1.71,0,0.99,2.57,0,2.11,1.74,0.85,0.0,0.5,0.0,0.0,0,1.48,2.26,0.0,0,1.13,0.7,0,3.95,0.0,0.65,1.83,0,1.82,0,0.0,0.0,0,0.0,0,0,0.0,0,1.54,1.69,1.7
broken clouds_1,1.35,1.3,1.35,1.27,1.33,1.35,1.23,1.19,1.61,1.37,1.82,2.15,2.19,1.52,2.21,1.11,1.45,1.5,1.41,1.22,1.12,1.36,1.23,0.92,1.59,0.63,1.05,0.98,0.95,1.3,1.03,1.45,1.29,0.49,1.05,1.13,0.0,0.0,0.0,0,0.0,0.62,1.66,0,0.0,0,1.58,1.39,2.22,1.58,2.6,1.54,2.17,1.04,1.75,2.37,1.22,1.43,1.53,2.3,1.18,1.91,2.18,1.14,0.91,1.47,1.56,1.22,1.23,1.4,2.26,1.51,1.63,1.39,1.02,1.24,0.99,1.1,0.36,0.74,0.65,0.59,1.08,0.59,2.13,1.06,1.05,0.71,0.98,0,0.87,0.76,1.3,0.0,0.71,0.96,1.03,1.51,0.77,0.0,1.38,0,0.33,1.39,0.37,0.56,0.0,0.0,0.0,0.49,0.76,1.05,0.0,0.84,1.13,0.0,0.0,0.0,0.54,0,0.0,0.0,0,0.0,0.0,0,0.0,0.95,0,0.62,0,1.66,0.0,0.0,0.0,0,0,0,0,0,0,0,0.0,0,0,0.0,1.52,1.68,1.72
moderate rain_0,1.67,1.1,1.64,0.71,1.45,1.7,0.45,0.26,1.66,1.79,1.9,2.05,2.07,2.3,1.6,0.96,1.16,2.63,1.99,2.6,1.44,2.85,2.55,0.63,3.11,1.31,2.56,3.17,2.51,2.92,3.01,3.38,2.3,1.16,1.57,3.07,2.48,1.84,0.0,0.74,1.53,1.63,2.45,1.91,1.65,0,1.64,1.9,2.3,2.51,1.69,2.69,2.3,1.18,1.9,2.45,2.6,2.07,2.24,1.35,1.15,1.45,1.76,1.47,0.54,1.71,1.63,1.03,2.58,2.86,1.82,0.99,3.15,0.81,0.72,0.6,1.18,0.34,0.22,0.76,1.26,0.2,0.34,1.8,0.95,2.13,2.56,1.65,3.17,0.0,2.69,0.35,2.92,0,1.95,2.55,3.01,0.71,1.24,0,3.38,0.26,0.0,2.25,0.0,0.0,2.27,0,0.61,1.16,1.92,1.57,0,1.88,3.07,0,1.84,2.48,1.22,0,0.0,0.0,0.0,0,1.53,0.74,0.0,0.0,0.36,1.63,0.0,2.45,1.65,1.74,1.91,0,1.91,0,0.0,0.0,0.0,0,0.0,0,0,0,1.57,1.74,1.75
overcast clouds_0,1.29,1.31,1.34,1.34,1.31,1.28,1.18,1.02,1.54,1.54,1.99,2.05,2.01,1.83,1.7,1.34,0.85,1.84,1.78,1.95,1.39,1.88,1.89,1.29,1.95,1.25,1.77,1.83,1.85,1.98,1.67,1.82,1.89,0.0,0.93,1.48,1.55,1.55,0.84,0.43,0.92,1.09,0.57,0,1.68,1.21,1.51,1.65,2.35,1.99,1.68,1.86,2.51,1.22,1.82,2.41,1.95,1.81,1.73,1.37,1.42,1.35,1.86,1.4,0.96,1.93,1.36,1.13,1.94,1.87,1.99,0.79,1.99,1.12,1.47,1.47,1.2,0.92,0.89,0.83,1.25,0.94,0.61,0.92,0.8,1.63,1.79,0.46,1.83,0.5,1.51,1.39,1.98,0.0,1.07,1.85,1.67,1.04,1.07,1.39,1.89,0.0,0.89,1.91,0.84,0.3,0.93,0.57,0.62,0.0,1.22,0.93,0.47,0.34,1.48,1.48,1.55,1.55,0.95,0.0,0.84,0.0,0,0.0,0.92,0.43,0.0,0.0,0.0,1.09,0.66,0.57,1.68,0.0,0.78,0.0,0,1.98,0.0,0,0.0,0.0,0,0.0,1.21,0.0,1.56,1.7,1.74
overcast clouds_2,0.98,1.48,1.26,1.44,1.4,0.94,1.45,1.13,1.6,1.45,2.17,2.15,1.96,1.63,1.9,1.34,0.88,1.52,1.41,1.68,1.04,1.15,1.69,0.96,1.48,0.97,2.58,0.82,2.14,0.99,0.71,1.69,0.92,0,0.0,0,2.01,0.0,0,1.56,0,0.0,0,0.0,0,0,1.58,1.57,2.44,1.73,2.1,1.58,2.36,2.88,1.95,2.2,1.68,1.45,1.32,1.92,1.41,1.47,1.58,1.04,1.34,1.4,1.1,0.39,1.58,1.17,2.06,0.98,1.57,0.82,1.1,1.22,0.72,1.2,0.0,0.76,0.93,0.96,0.0,0.21,1.12,1.18,2.58,0.64,0.82,0.0,0.0,0.77,0.99,0,1.81,2.18,0.71,0.45,0.59,0.73,1.71,0.0,1.01,0.93,0.0,0.62,0.97,0.6,0.0,0,0.0,0.0,0.0,0.93,0,0,0.0,2.01,0.72,0,0,0.0,0,0.0,0,1.56,0,0.0,0,0.0,0,0,0,0,0,0,0.0,0,0.0,0,0,0,0,0,0,0,1.59,1.7,1.75
overcast clouds_1,1.12,1.41,1.29,1.41,1.43,1.1,1.27,0.99,1.59,1.52,2.13,2.06,2.04,1.69,1.93,1.29,0.95,1.65,1.67,1.77,1.13,1.35,1.9,1.33,1.47,1.32,1.93,1.08,1.37,1.16,1.67,2.2,1.03,0.0,0.82,1.66,0.0,2.26,0.0,1.65,0.0,1.48,1.15,0,0.0,0.0,1.55,1.53,2.36,1.83,1.55,1.71,2.4,1.33,2.76,2.27,1.77,1.7,1.74,1.54,1.32,1.49,1.68,1.12,1.26,1.56,1.23,1.07,1.87,1.35,2.24,0.94,1.5,0.89,1.47,1.54,1.24,1.04,0.9,0.74,1.34,1.55,0.43,0.38,0.95,1.46,1.94,1.14,1.08,0.58,0.8,1.54,1.16,0,1.91,1.49,1.67,0.75,0.8,1.01,2.22,0,0.8,1.04,0.0,0.0,0.0,0.64,0.0,0.0,0.91,0.82,0.0,0,1.66,0,2.26,0.0,0.94,0,0.0,0.0,0,0,0.0,1.65,0,0.0,0.0,1.48,0,1.15,0.0,0,0,0,0,2.06,0,0,0,0,0,0,0.0,0,1.57,1.71,1.75
scattered clouds_0,1.49,1.2,1.48,1.22,1.33,1.46,1.25,0.99,1.72,1.5,1.79,2.04,2.18,1.67,1.99,1.25,1.0,1.52,1.72,1.54,1.53,1.6,1.28,1.1,1.42,1.23,1.59,1.79,1.47,1.43,1.63,1.29,1.9,1.03,0.89,0.46,1.63,1.2,0.0,0.84,0.0,0.67,0.0,0,0.0,0.98,1.67,1.54,2.38,1.79,1.67,1.57,2.25,1.15,1.59,2.52,1.54,1.77,1.57,1.71,1.3,1.68,2.12,1.56,0.99,1.53,1.6,0.89,1.27,1.68,2.39,1.12,1.44,1.13,1.06,1.36,1.01,0.86,0.88,0.8,1.27,0.95,0.34,0.29,0.75,1.31,1.61,0.51,1.79,0.53,0.8,0.96,1.43,0,0.69,1.49,1.63,0.97,0.84,0.85,1.3,0.39,0.92,1.95,1.01,0.48,0.79,0.0,0.0,1.03,0.4,0.89,0.5,0.0,0.46,0,1.2,1.63,0.31,0,0.0,0.56,0,0,0.0,0.84,0.0,0.0,0,0.67,0.0,0.0,0.0,0,0.0,0.0,0,0,0.0,0,0,0.0,0,0.0,0.98,0.0,1.57,1.7,1.75
light intensity drizzle_0,1.5,1.38,1.58,0.9,1.58,1.47,0.26,0.0,1.64,1.92,2.03,2.08,1.93,2.41,1.24,1.18,0.78,2.7,2.11,2.89,1.74,2.77,2.93,0.94,2.81,1.41,2.58,3.11,2.9,2.68,2.91,2.9,2.65,0.51,1.52,3.38,2.7,2.53,0.42,1.27,1.18,0.54,1.76,1.79,0,0,1.59,2.09,2.33,2.69,1.65,2.77,2.45,1.46,2.11,2.34,2.9,2.22,2.13,0.81,1.4,1.27,1.64,1.74,0.55,1.92,1.73,1.62,2.99,2.73,1.66,0.54,2.86,0.55,1.08,1.07,1.82,0.8,0.46,0.39,1.4,0.19,0.3,1.79,1.16,1.74,2.58,1.22,3.11,0.0,2.96,0.32,2.68,0,2.34,2.9,2.91,0.96,0.9,0,2.98,0.65,0.57,2.53,0,0.0,2.54,0.0,0.45,0.51,1.19,1.52,0,1.15,3.38,0,2.53,2.7,0.87,0,0.42,0.0,0,0,1.18,1.27,0.0,0.0,1.53,0.54,0,1.76,0,1.02,0.0,0,1.79,0,0.0,0.0,0.0,0,0,0,0,0,1.62,1.78,1.78
haze_0,1.15,1.29,1.27,1.52,1.13,1.15,1.6,1.34,1.59,2.03,1.92,1.89,1.92,1.77,1.57,1.95,0.75,1.85,2.72,2.09,2.5,1.78,1.8,1.65,1.79,2.26,1.74,1.74,1.53,1.57,2.12,1.15,0.73,1.91,2.01,1.72,0.0,1.9,1.37,0.0,0.0,0,2.52,0.0,0.0,0,1.55,2.16,2.1,1.95,1.56,1.9,2.34,1.63,1.48,2.24,2.09,2.87,1.49,1.44,2.3,1.15,1.64,2.54,0.88,2.54,1.96,1.38,1.85,1.83,1.87,0.89,1.84,1.3,1.8,2.08,1.6,1.45,1.07,0.59,2.28,0.98,0.3,0.78,0.76,2.32,1.74,1.34,1.74,0.94,1.88,1.25,1.57,0,0.93,1.56,2.12,1.4,1.37,1.25,1.16,0.0,0.73,0.8,0.98,0.88,0.0,0.66,0.46,1.91,0.0,2.01,2.15,0,1.72,0.0,1.9,0.0,2.02,0.67,1.37,1.32,0,0,0.0,0.0,0.59,0,0,0,0.0,2.52,0.0,0,0.0,0,0.0,0.0,0,0.0,0,0,0,0,0,0,1.6,1.76,1.78
light rain_1,1.72,1.06,1.6,0.8,1.32,1.74,0.63,0.45,1.4,1.52,1.99,1.92,1.99,2.38,1.75,0.59,1.58,2.44,1.57,2.27,1.06,2.17,1.88,0.44,2.57,0.4,1.76,2.53,2.44,2.03,1.94,1.78,2.2,0,1.68,2.77,1.95,2.47,0,0.0,0.0,0.83,0.89,0,0,0,1.48,1.57,2.03,2.27,1.96,2.47,2.33,1.37,1.69,2.16,2.27,1.57,2.97,1.61,0.69,1.77,1.44,1.05,1.39,1.63,1.26,1.08,1.91,2.22,1.64,1.21,2.6,0.9,0.48,0.55,0.69,0.28,0.0,1.56,0.38,0.0,0.93,2.18,0.28,1.21,1.79,0.85,2.53,0.0,1.46,0.0,2.03,0,1.49,2.48,1.94,1.32,0,0,1.77,0.0,0.0,2.23,0.0,0,1.12,0,1.23,0,2.45,1.68,0,1.48,2.77,0,2.47,1.95,0.39,0,0,0,0.0,0,0.0,0.0,0,0.0,0,0.83,0.0,0.89,0,0.92,0,0,0,0,0.0,0.0,0.0,0.0,0.0,0,0,0,1.6,1.73,1.78
few clouds_1,1.52,1.21,1.51,1.17,1.47,1.48,1.22,1.05,1.65,1.44,1.64,1.94,2.27,1.61,2.61,0.84,1.7,1.35,1.68,1.28,1.56,1.14,1.22,1.57,1.45,0.95,1.11,1.33,0.0,1.28,1.35,1.34,0.63,0.0,0.22,0.41,0,2.06,0,0,0,0.98,0,0,1.08,1.09,1.67,1.45,2.15,1.59,1.56,1.35,2.05,1.04,1.35,2.33,1.28,1.69,1.64,2.95,1.03,2.1,2.01,1.6,0.71,1.6,1.33,1.1,1.26,1.15,2.47,1.78,1.37,1.66,1.67,0.92,1.13,0.48,1.64,1.46,1.01,0.0,0.0,0.88,0.5,1.26,1.11,0.0,1.33,0,0.93,1.73,1.28,0,0.66,0.0,1.35,0.66,1.31,2.14,1.36,0.0,1.67,0.63,0.0,0,1.31,0.0,0.91,0.0,1.6,0.22,1.28,0.0,0.41,0,2.06,0,0.69,0,0,0,0,0.0,0,0,0,0.0,0,0.98,0.0,0,1.08,0,0,0,0,0.0,0,0,0,0,0.0,0,1.09,0,1.58,1.73,1.77
light snow_0,0,1.63,1.12,1.76,1.34,0,1.75,1.52,1.49,2.0,2.14,1.96,1.68,1.96,1.26,2.73,0.72,1.94,2.44,2.26,2.63,1.89,2.04,2.01,1.34,3.56,1.26,0.0,1.96,0.67,0,0,0.0,0,1.43,0.0,0.0,0,2.34,2.55,5.6,0,5.0,3.04,0,0,1.45,2.17,2.24,2.19,1.52,1.99,2.65,1.52,2.06,1.8,2.26,2.57,1.76,0.7,3.16,0.9,1.6,2.68,0.58,2.02,1.46,1.42,2.12,1.85,1.59,0.0,1.37,0,2.21,2.78,1.65,2.11,0.61,0.0,3.59,1.72,0.74,0.0,1.03,1.57,1.26,1.02,0.0,0.8,0.0,0,0.67,0.0,1.45,1.99,0,1.5,1.15,0,0,0.0,0,0,0.62,0,0,0,0.0,0,0,1.43,0,0,0.0,0,0,0.0,2.62,0,2.34,0.0,0,0,5.6,2.55,0,0,0,0,0,5.0,0,0,0.0,0,3.04,0,0.0,0,0,0,0,0,0,0,1.58,1.78,1.8
scattered clouds_2,1.66,1.18,1.63,0.93,1.54,1.62,0.82,0.86,1.65,1.42,1.68,2.03,2.36,1.74,2.14,1.15,1.73,1.4,1.57,1.36,1.42,1.31,1.16,1.0,1.54,1.0,0.88,1.19,1.72,1.11,1.39,1.8,1.17,2.21,0.97,0.85,0.96,0.72,0,0,0,1.77,0.0,0,0,0,1.68,1.43,2.24,1.86,1.76,1.4,1.91,1.06,1.47,2.27,1.36,1.63,1.62,2.13,1.12,3.03,1.61,1.47,1.0,1.47,1.4,0.72,1.22,1.32,2.07,1.55,1.55,1.34,0.98,1.59,0.93,0.9,0.0,0.76,1.08,0.0,0,0.83,0.93,1.24,0.93,0.0,1.19,0,1.6,0.0,1.11,0,0.44,1.74,1.39,0.27,0.51,0.0,1.66,0,0.0,1.26,1.71,0.0,0.0,0,0.0,2.21,0.69,0.97,0,0.0,0.85,0,0.72,0.96,0.0,0,0,0.0,0,0,0,0,0,0.0,0,1.77,0.59,0.0,0,0.0,0.0,0,0,0,0,0,0,0.0,0,0,0,0.0,1.59,1.74,1.79
scattered clouds_1,1.57,1.22,1.53,1.19,1.39,1.59,0.95,0.91,1.73,1.58,1.85,2.07,2.34,1.75,2.09,1.05,1.01,1.63,1.76,1.78,1.43,1.71,1.56,0.92,1.83,1.21,2.19,1.84,1.35,2.18,1.65,1.46,2.37,0.0,1.45,1.24,0.83,1.45,0.0,0.0,0.0,0.0,0,0,0.0,1.16,1.69,1.69,2.39,1.85,1.54,1.63,2.26,1.31,1.73,2.55,1.78,1.78,1.57,1.86,1.1,1.76,2.84,1.47,0.79,1.69,1.37,0.86,1.53,1.73,2.31,1.08,1.85,1.43,1.0,1.35,1.03,0.96,0.48,1.21,1.26,0.41,0.44,0.85,0.7,1.24,2.19,0.48,1.84,0.0,1.39,0.93,2.18,0.0,1.26,1.37,1.65,0.36,2.05,0.0,1.47,0.0,0.94,2.56,0.73,0,0.98,0.0,0.0,0.0,0.83,1.45,0.48,0.79,1.24,0,1.45,0.83,0.39,0.0,0.0,1.27,0,0,0.0,0.0,0.0,0,0,0.0,0,0,0.0,0,0.0,0,0,0,1.88,0,0,0,0,0,1.16,0,1.61,1.75,1.79
fog_0,1.35,1.5,1.48,1.33,1.25,1.15,1.04,0.84,1.58,2.16,2.07,1.98,1.93,2.32,1.56,1.76,0.73,2.71,2.36,2.91,3.1,2.37,2.74,1.92,2.47,2.47,3.15,2.39,3.55,2.44,2.94,2.82,2.69,0.0,0.59,1.55,0.0,0.0,0.0,3.96,1.84,0,0.0,2.15,0.0,0,1.53,2.36,2.06,2.57,1.9,2.79,2.26,1.54,1.91,2.19,2.91,2.5,1.91,1.21,2.05,1.16,1.52,3.16,0.44,2.65,2.82,1.12,2.8,2.56,2.03,0.89,2.44,0.0,2.09,1.8,1.93,1.01,0.0,0.0,2.49,0.18,0,0.75,1.27,1.45,3.16,1.17,2.39,0.0,1.45,2.42,2.44,0.0,1.94,3.6,2.94,1.48,0.53,0.81,2.84,0.0,2.0,2.56,1.67,0.0,2.36,0.0,1.29,0.0,0.0,0.59,0.0,0,1.55,0.5,0.0,0.0,0.64,0.0,0.0,0.0,0,0.0,1.84,3.96,0,0.0,0,0,0.0,0.0,0.0,0,0.0,0,2.15,0,0,0,0,0,0.0,0,0,0,1.64,1.81,1.82
overcast clouds_3,0.74,1.79,1.1,1.59,1.45,1.14,1.54,1.22,1.37,1.87,2.27,1.9,1.5,1.75,1.88,1.54,0.91,1.89,1.88,2.49,1.98,1.11,2.38,1.78,1.11,2.74,2.57,0.9,0.33,0,0,1.3,0.0,0,0,0,0.0,0,0,0,0,0,0,0.0,0,0,1.35,1.88,1.86,2.28,1.7,2.16,2.17,1.42,1.93,1.56,2.49,1.98,0.7,1.53,1.53,0.97,1.46,2.07,3.49,2.37,1.29,0.0,2.63,1.14,2.39,1.54,1.13,1.35,1.76,1.29,0.0,2.16,0.35,1.01,2.7,0.0,0.0,0.0,0.0,1.49,2.57,0,0.9,0,0.56,1.97,0,0,0.75,0.33,0,1.08,0.0,1.42,1.32,0.0,1.56,0,0,0,0,0.0,0,0,0,0,0.0,0,0,0,0,0.0,0.0,0,0,0,0,0,0,0,0,0.0,0,0,0,0,0,0,0.0,0,0.0,0,0,0,0,0,0,0,0,0,1.65,1.78,1.82
mist_1,1.41,1.28,1.45,1.31,1.35,1.32,1.19,0.98,1.49,2.15,1.9,1.96,1.91,2.03,1.48,1.6,0.78,2.18,2.33,2.39,2.38,2.12,2.24,1.41,2.54,1.71,1.52,2.05,1.99,2.53,2.55,2.26,2.36,0.0,1.53,0.0,2.7,1.02,0,0,0.0,0,0,0,0.0,0,1.44,2.16,2.02,2.26,1.85,2.25,2.17,1.33,1.72,2.14,2.39,2.39,1.75,1.35,1.9,1.55,1.61,2.4,0.76,3.2,2.34,0.9,2.23,2.19,1.76,0.97,2.55,0.58,1.53,1.89,1.68,0.84,0.4,0.98,1.76,0.67,0.0,0.23,1.34,1.8,1.52,1.36,2.05,0.0,1.27,1.52,2.53,0,1.96,1.95,2.55,1.95,1.42,1.37,2.95,1.17,0.0,2.63,1.12,0.35,1.32,0.0,1.23,0.0,0.0,1.53,0.0,0,0.0,0.0,1.02,2.7,0.77,0.0,0,3.52,0,0,0.0,0,1.46,0.0,2.1,0,0,0,0.0,1.74,0.0,0,0,0.0,0.0,0,0.0,0,0,0,0,0,1.66,1.79,1.84
mist_2,1.43,1.36,1.49,1.3,1.32,1.42,1.03,0.67,1.61,2.18,2.1,1.97,1.98,2.19,1.59,1.66,0.97,2.25,2.15,2.5,2.05,2.14,2.39,1.28,1.88,1.19,1.36,1.57,3.19,2.41,2.47,1.22,2.02,0.0,0.0,0.0,1.18,0.0,0,0.0,0.0,0.0,0,0,0.0,0,1.58,2.21,2.22,2.43,1.14,2.31,2.43,1.56,1.89,2.04,2.5,2.21,1.7,1.56,1.95,1.2,2.06,2.06,0.76,2.39,3.43,0.93,2.46,2.19,1.77,0.86,1.95,0.57,1.36,1.6,1.73,1.13,0.42,0.51,1.19,0,0,0,1.15,1.74,1.36,1.52,1.57,0.0,0.54,1.61,2.41,0,1.96,3.15,2.47,2.13,1.54,0.0,1.32,0.77,0.0,1.78,1.59,1.63,2.11,0.0,0.0,0.0,0.64,0.0,0.0,0,0.0,0,0.0,1.18,1.28,0.0,0,0,0,0,0.0,0.0,0.98,0,2.09,0.0,0,0,0.0,0.75,3.01,0,0,0,0,0.0,0,0,0,0,0,0,1.65,1.81,1.84
broken clouds_2,1.2,1.45,1.3,1.73,1.33,1.25,1.66,1.57,1.72,1.5,1.55,2.35,1.93,1.59,1.98,1.82,0.95,1.55,1.63,0.51,0.77,1.02,1.11,0.69,1.03,0.78,1.28,1.46,0,0.25,0.53,0.26,0.0,0,2.4,0,0,0,0,0,0,0.0,0,0,0,0,1.63,1.31,2.37,1.65,2.14,1.49,1.64,1.7,1.7,2.16,0.51,1.71,1.08,1.48,1.64,1.17,1.91,0.74,0.0,1.29,1.53,3.7,1.24,1.06,2.3,1.97,1.25,0.0,0.83,2.22,0.0,1.36,0.0,1.19,0.79,0.0,1.62,1.03,1.2,1.26,1.28,0.79,1.46,0,0,0.0,0.25,1.89,1.56,0,0.53,0,0.0,0.0,0.26,0,0.0,0.0,0,0,0,0,0.0,0,0.0,2.4,0,0.7,0,0,0,0,0,0,0,0,0,0,0,0,0,0.0,0,0.0,0.0,0,0,0,0,0,0,0,0,0,0,0,0,0,0,0,1.57,1.78,1.82
drizzle_0,1.51,1.44,1.67,1.04,1.78,1.51,0.55,0,1.67,2.1,2.2,2.24,1.98,2.5,1.12,1.45,0.74,2.93,2.5,3.11,1.75,3.02,3.45,0.95,3.53,2.22,3.13,3.18,3.58,2.26,3.75,3.62,2.38,0.55,2.15,2.96,2.21,2.32,0,1.96,2.27,0,4.38,0.0,0.0,0,1.62,2.29,2.44,2.81,1.65,3.01,2.66,1.55,2.31,2.54,3.11,2.64,2.24,0.59,1.73,1.02,1.41,1.78,1.03,1.91,1.71,0.69,3.49,3.06,1.45,1.14,3.57,0.47,1.04,0.66,2.0,0.85,0.7,0.22,2.24,0.32,0.0,1.43,1.53,2.78,3.14,1.24,3.18,0.0,2.99,0.67,2.26,0,2.2,3.66,3.75,0.59,0.58,0,3.7,0.0,0.0,2.22,0.0,0.0,0.0,0.53,0.66,0.55,1.13,2.15,0,0.0,2.96,0,2.32,2.21,0.99,0,0,0.0,0,0,2.27,1.96,0.0,0,0.0,0,0,4.38,0.0,0.0,0.0,0,0.0,0,0,0.0,0,0,0,0,0,0,1.72,1.89,1.88
proximity thunderstorm_0,2.03,0.67,1.71,0.3,1.08,2.22,0.19,0.22,1.94,1.77,1.89,2.33,2.55,2.43,1.97,0.55,1.35,2.45,1.82,2.47,1.55,3.37,1.62,0.27,2.9,0.53,2.79,4.08,1.76,2.69,3.29,3.63,2.47,0.0,2.55,2.97,3.31,0.69,0.64,1.21,0,2.07,0.0,0,0.97,0,1.93,1.85,2.76,2.7,1.86,2.52,2.34,0.9,1.67,3.02,2.47,1.86,2.01,1.59,0.68,1.9,2.31,1.59,0.59,1.58,1.52,1.47,1.63,3.42,2.17,0.92,2.94,1.99,0.3,0.4,0.52,0,0,0.69,0.54,0,0.0,1.22,0.52,1.45,2.8,0,4.08,0.0,3.93,0,2.69,0,0.81,1.78,3.29,0.0,0.44,0,3.64,0.0,0.0,2.37,0.0,0.0,2.4,0,0.89,0.0,2.01,2.55,0,0.0,2.97,0,0.69,3.31,0,0,0.64,0,0,0,0,1.21,0,0,0.0,2.07,0,0.0,0.97,0.0,0.0,0,0,0,0,0,0.0,0,0,0,0,0,1.67,1.85,1.86
few clouds_0,1.52,1.25,1.54,1.33,1.47,1.5,1.4,1.2,1.78,1.66,1.88,2.13,2.4,1.72,2.43,1.32,1.04,1.44,1.87,1.51,1.58,1.78,1.31,1.56,1.66,1.54,1.43,1.94,0.77,2.11,1.14,1.16,2.33,0.58,0.85,1.34,0.0,0.66,1.78,0.95,0.0,1.38,0.0,0,0.0,0,1.73,1.71,2.47,1.71,1.87,1.47,2.35,1.08,1.49,2.79,1.51,1.88,1.75,2.24,1.33,1.97,2.24,1.58,0.93,1.86,1.81,0.89,1.3,1.87,2.82,1.32,1.69,1.27,1.67,1.76,1.23,0.89,0.71,1.42,1.51,1.3,0,1.07,0.98,1.39,1.47,0.46,1.94,0.49,1.16,1.44,2.11,0,0.64,0.78,1.14,1.31,1.3,1.0,1.17,0.58,0.0,2.36,1.01,0.0,0.9,0.0,0.0,0.58,1.28,0.85,0.0,0.0,1.34,0,0.66,0.0,0.0,0,1.78,0.68,0,0,0.0,0.95,0.0,0.0,0,1.38,0.85,0.0,0.0,0,0,0,0,0,0,0,0,0.0,0,0,0,0,1.67,1.81,1.86
scattered clouds_3,1.73,1.1,1.6,0.98,1.48,1.83,1.1,0.81,1.68,1.59,1.83,2.1,2.55,1.84,2.54,0.56,1.69,1.52,1.76,1.9,1.49,2.25,1.2,1.15,1.83,0.0,2.01,2.2,0.0,3.09,0.0,0.0,0.0,0,0.0,0,0,0,0,0,0,0,0,0,0.0,0,1.76,1.71,2.19,1.71,2.0,1.56,2.33,0.46,1.87,2.4,1.9,1.88,1.77,2.25,0.69,2.05,2.62,1.56,0.68,1.36,1.32,0.71,1.05,2.34,2.96,3.96,1.86,1.16,0.0,0.92,0.52,0,0.0,0.0,0.0,0,0,0,0,0.98,2.01,0,2.2,0,0,0.0,3.09,0,0.0,0.0,0.0,0,0,0,0.0,0,0,0.0,0,0,0,0,0.0,0,0,0.0,0.0,0,0,0,0,0,0,0,0,0,0,0,0,0,0,0,0,0,0,0,0.0,0,0,0,0,0,0,0,0,0,0,0,0,0,1.67,1.83,1.87
heavy intensity rain_0,2.0,0.7,1.68,0.38,1.31,2.26,0.29,0,2.02,1.99,2.06,2.49,2.47,2.45,1.77,0.51,1.46,2.62,2.08,2.77,1.69,3.74,2.37,0.0,3.54,0.75,3.18,4.11,1.94,3.21,4.16,3.95,2.48,0.66,3.48,3.37,3.17,1.35,0,0,0,0.76,0.0,0,3.41,0,2.01,2.14,2.87,2.72,1.88,2.68,2.53,1.2,2.11,3.07,2.77,2.16,2.43,1.42,0.67,1.73,2.17,1.73,0.54,1.81,2.08,0.71,2.39,3.71,2.01,1.16,3.56,1.65,0.0,0.0,0.67,0.0,0,0.55,0.42,0,0.37,1.76,0.68,1.47,3.18,1.09,4.11,0,6.06,0.0,3.21,0,1.63,2.02,4.16,1.34,0.0,0,3.89,0.0,0,2.44,0.0,0.0,2.31,0,1.35,0.66,3.28,3.48,0,0.97,3.37,0,1.35,3.17,1.88,0,0,0.0,0,0,0,0,0,0.0,0.0,0.76,0,0.0,3.41,2.94,1.8,0,0,0,0,0,0.0,0,0,0,0,0,1.7,1.92,1.91
few clouds_2,1.68,1.53,1.85,1.09,1.64,1.77,1.16,0.72,1.8,1.37,1.52,1.71,2.11,2.01,2.89,0.0,2.0,1.4,1.12,1.18,2.72,1.03,0.0,0.0,1.05,0,0.9,1.55,0,1.45,0.0,0.0,0.0,0,2.33,0,0,0,0,0,0,0.0,0,0,0,0,1.81,1.24,1.86,1.61,1.79,1.36,1.85,1.54,1.23,2.33,1.18,0.86,2.35,2.64,0,2.25,1.83,0.0,0.77,1.17,1.47,0.0,0.0,0.99,2.22,1.71,0.85,4.02,0.0,0.0,1.81,0,0,0.57,0,0,0.0,0.82,0.0,2.09,0.9,0,1.55,0,1.53,0,1.45,0,0,0,0.0,0,0.0,0,0.0,0.0,0,0.0,0,0,1.63,0,0.0,0,0,2.33,0,0.0,0,0,0,0,0,0,0,0,0,0,0,0,0,0,0,0.0,0.0,0,0,0,0,0,0,0,0,0,0,0,0,0,0,0,1.65,1.82,1.86
heavy snow_0,0.0,1.94,0.0,1.84,1.68,0,1.5,1.57,1.24,2.16,2.46,2.1,1.78,2.23,1.49,1.17,0,2.13,2.52,2.59,2.95,1.46,2.34,3.71,0.0,3.92,0,0,0.0,0,0,0.0,0,0,0.0,0,0.0,0.0,0.0,0.0,5.14,0,0.0,6.42,0,1.34,1.2,2.38,2.07,2.51,2.45,2.19,2.83,2.2,2.15,2.16,2.59,2.64,1.38,1.5,1.34,0.96,1.8,3.08,1.62,1.84,1.91,1.1,2.39,1.52,1.51,0.0,0.0,0.63,4.05,1.73,2.54,0.4,0.0,0,3.99,0.38,0,0,0.0,2.94,0,0,0,0,0,5.09,0,0,0.0,0.0,0,2.16,0.3,1.98,0.0,0.37,3.2,0,0.0,0,0,1.06,0,0,0,0.0,2.38,0,0,1.27,0.0,0.0,2.12,0,0.0,0,0,0.0,5.14,0.0,0.0,0.0,0,0,0,0.0,0,0,0,0,6.42,0.88,0,0,0,0,0,0,1.34,0,1.73,1.9,1.91
light snow_1,0,1.65,0.61,1.92,0.8,0,1.95,1.52,1.55,1.86,2.2,2.11,1.9,1.72,1.26,2.86,0.0,1.7,2.35,1.72,1.66,1.04,1.59,1.5,0.0,2.94,1.06,0,0.41,0,0,0,0,0,0.99,0.0,0,0,2.28,2.44,0.0,0,0,0,0,0,1.5,1.95,2.45,1.79,1.71,1.75,2.71,1.37,2.0,2.33,1.72,2.53,1.8,0.66,3.12,0.77,1.36,1.75,0.87,2.26,1.39,1.3,1.62,1.01,1.59,0.22,0.0,0,1.65,3.92,0.87,2.67,0.0,0,2.98,1.63,1.36,0,3.01,1.8,1.06,1.28,0,2.21,0.0,0,0,0,1.2,0.42,0,1.34,0.92,0,0,0.0,0,0,1.53,0.0,0,0,0,0,0,0.99,0,0,0.0,0,0,0,1.6,0,2.28,0.7,0,0,0.0,2.44,0,0,0,0,0,0,0,0,0,0,0,0,0.0,0,0,0,0,0,0,0,1.71,1.86,1.91
mist_3,1.22,1.6,1.17,1.48,1.56,1.15,1.54,0.91,1.61,2.29,1.99,1.88,2.03,2.0,1.52,1.91,0.73,1.56,2.6,2.17,2.14,1.95,2.24,1.2,2.7,1.81,1.91,1.49,0.0,0.0,0.0,1.11,3.82,0,0,0,0.0,0,0,0,0.0,0,0.0,0.0,0.0,0,1.57,2.31,2.07,2.18,1.51,1.6,2.18,1.69,1.69,2.33,2.17,2.78,2.02,1.04,2.19,1.31,1.93,2.2,0.0,2.53,2.1,0.0,2.44,2.06,2.09,2.06,2.75,0.15,1.33,2.12,4.18,0.0,0.0,0,1.83,0,0.0,0.42,2.99,2.72,1.91,1.18,1.49,0,0,0.0,0.0,0,1.28,0.0,0.0,1.1,0.0,0,1.12,0.0,0,4.76,0.44,0.0,0.0,0,1.01,0,0,0,1.18,0,0,0,0,0.0,0,0,0,0,0,0,0.0,0,0,0,0,0,0.0,0.0,0.0,0,0.0,0,0.0,0,0,0,0,0,0,0,0,0,1.73,1.9,1.91
light snow_2,0,1.8,0.56,2.06,0.9,0,1.9,1.81,1.69,2.06,2.3,2.22,2.29,1.66,1.83,3.02,0.0,2.79,2.65,1.49,1.66,0.0,2.27,1.94,0.0,2.86,0.0,0,2.32,0.0,0.0,0,0,0,0,0,0.0,0,0.0,0,0,0,0.0,0,0,0,1.63,2.2,2.56,1.87,1.19,2.86,2.81,1.4,2.8,2.64,1.49,2.64,1.02,1.01,3.06,0.87,2.21,1.6,0.85,2.3,1.25,0.6,2.33,0.0,2.42,0,0.0,0,2.14,3.2,0.59,4.41,0,0,2.7,2.35,0,0,0.0,2.95,0.0,0.0,0,1.21,0.0,0,0.0,0,0.0,2.36,0.0,3.21,1.14,0,0,0.0,0,0,2.41,0,0,0,0,0,0,0,0,0,0,0,0,0.0,2.38,0,0.0,0,0,0,0,0,0,0,0,0,0,0.0,0,0,0,0,0,0,0,0,0,0,0,0,0,0,1.68,1.9,1.93
overcast clouds_4,0,1.77,0.7,1.71,1.99,0,1.89,1.96,0.9,1.33,2.43,2.27,1.33,1.27,1.42,0.93,0,1.53,1.1,2.41,0.0,0,1.6,2.12,0,0.0,0,0,0,0,0,0,0,0,0,0,0,0,0,0,0,0,0,0,0,0,0.87,1.42,2.4,1.24,3.27,1.57,1.71,2.25,1.7,1.45,2.41,1.17,0.0,0.42,1.34,0.0,1.88,0.0,2.34,4.65,1.78,0.0,1.56,0,2.06,0.0,0,0,1.89,0.0,0.0,0,4.74,0,0,0,0,0,0.0,0,0,0,0,0,0,1.96,0,0,1.12,0,0,0.0,0,0.0,0,0,0,0,0,0,0,0,0,0,0,0,0,0,0,0,0,0,0.0,0,0,0,0,0,0,0,0,0,0,0,0,0,0,0,0,0,0,0,0,0,0,0,0,0,0,0,1.68,1.84,1.94
light rain_2,1.7,1.24,1.49,1.23,1.36,1.55,0.74,0,0.72,1.55,1.99,2.37,1.69,2.63,1.55,0.0,1.39,2.47,1.13,1.5,0.0,1.32,1.7,0,2.58,0,0.0,1.77,0.0,0.0,1.52,0,0,0,0.0,0,0,0,0,0,0,0,0,0,0,0,0.97,1.54,2.02,2.17,2.73,2.4,2.04,1.99,2.37,1.53,1.5,1.18,2.73,1.27,0.0,2.27,0.99,0.0,1.19,1.14,1.57,1.37,1.4,1.37,1.05,0.0,2.88,1.7,0,0,0,0,0,4.65,0,0,0.0,2.49,0,0.67,0.0,0,1.77,0,0,0,0.0,0,0.0,0,1.52,0.0,0,0,0,0.0,0,0,0,0,0,0,0.0,0,0.0,0.0,0,0,0,0,0,0,0,0,0,0,0,0,0,0,0,0.0,0.0,0,0,0,0,0,0,0.0,0,0,0,0,0.0,0,0,0.0,0,0,1.77,1.87,1.91
snow_0,0,2.02,1.75,1.89,1.96,0,1.59,1.7,1.92,2.22,2.9,2.64,2.26,2.25,1.55,2.67,0,2.61,2.39,2.77,3.06,1.99,2.29,3.1,1.98,4.32,1.73,0.0,0.61,0.0,0,0,0,0,0.0,0,0.0,0,3.43,7.27,4.31,0,6.51,8.96,0,0,1.86,2.43,2.82,2.52,2.24,2.68,3.19,2.68,3.09,2.86,2.77,2.48,1.97,0.58,3.0,1.37,1.1,3.14,1.58,1.88,2.45,1.96,2.32,2.07,2.26,0.0,2.01,0,3.36,2.77,1.6,1.6,0,0,4.35,0.54,0.57,0,0.77,2.06,1.73,0.0,0.0,0.0,0,5.82,0.0,0,0.6,0.62,0,1.79,0.0,0.67,0,0.0,2.98,0,0.63,0,0,0.75,0,0,0,0.0,0.0,0,0,0.0,0,0.0,3.39,0,3.43,0,0,0.0,4.31,7.27,0,0,0,0,0,6.51,0,0,0,0,8.96,0.0,0,0,0,0,0,0,0,0,1.81,1.96,1.97
light snow_3,0,1.07,0.0,2.11,0.0,0,2.35,0.94,1.09,1.94,2.12,1.92,1.72,1.37,1.27,3.15,0,1.23,3.16,1.88,2.77,0,1.8,1.74,0,3.96,0,0,0,0,0,0,0,0,0,0,0,0,0.0,0,0,0,0,0,0,0,1.05,2.17,2.3,1.11,1.56,1.26,2.8,1.01,1.49,2.32,1.88,3.36,0.0,0.0,3.36,0.0,1.69,2.83,0.0,1.37,0,0.0,1.85,0,1.36,0,0,0,1.92,4.06,0,2.21,0,0,4.01,5.14,0.0,0,0,3.34,0,0.0,0,3.27,0,0,0,0,0,0,0,0,0.0,0,0,0,0,0,0.0,0,0,0,0,0,0,0,0,0,0,0,0,0,0,0,0.0,0,0,0,0,0,0,0,0,0,0,0,0,0,0,0,0,0,0,0,0,0,0,0,0,0,1.7,1.93,1.99
broken clouds_3,0.74,1.97,0.0,1.59,1.27,0.75,2.0,0.0,1.62,1.29,1.51,2.54,1.18,1.92,2.64,1.88,0.59,1.06,3.1,0.73,0,0.0,0.0,0,2.15,1.69,0,0.0,0,0.0,0,0,0,0,5.05,0,0,0,0,0,0,0,0,0,0,0,1.54,1.3,2.07,2.28,1.16,1.09,1.71,0.0,0.0,1.2,0.73,3.31,1.36,0.0,2.41,0,1.18,0,0.0,0.0,0,2.54,0.0,0.0,0,0,2.19,1.64,0,1.65,0.0,0,0,0.0,1.71,0.0,5.45,0,0,0,0,0,0.0,0,0,0,0.0,0.0,0,0,0,0,0,0,0,0,0,0,0,0,0,0,0,0,0,5.05,0,0,0,0,0,0,0,0,0,0,0,0,0,0,0,0,0,0,0,0,0,0,0,0.0,0,0,0,0,0,0,0,0.0,0,0,1.79,1.93,2.0
moderate rain_1,1.86,1.4,1.71,0.94,1.24,2.07,0.75,0.66,0.92,1.52,2.26,2.18,2.01,2.85,1.4,0.0,1.22,3.16,1.63,0.93,2.05,2.87,0.86,0,3.54,0,0.0,3.6,0,2.36,0.0,0,3.53,0,0.0,3.28,0.0,0,0,0,0,0.0,0,0,0,0,1.04,1.66,1.81,2.87,2.68,2.66,2.09,3.64,2.78,2.71,0.93,1.73,3.01,1.75,0.0,2.15,1.31,2.09,0.0,0.38,0,1.09,0.89,3.12,0.74,0,3.46,1.28,0,0,0.0,0,0,1.86,0,0,0,5.34,0.0,0,0.0,0,3.6,0,0,0,2.36,0,0,0,0.0,0,0,0,0,0.0,0,3.58,0,0,0.0,0,0.0,0,4.04,0.0,0,2.52,3.28,0,0,0.0,0,0,0,0,0.0,0,0,0,0,0.0,0,0.0,0,0,0,0,0,0,0,0,0,0,0.0,0,0.0,0,0,0,1.72,1.96,2.0
mist_4,1.3,1.69,1.5,1.35,1.02,0.96,1.2,0,1.46,2.43,2.08,1.76,1.81,2.23,1.4,1.86,1.25,2.44,2.77,3.08,3.1,1.92,2.71,0.0,2.21,3.26,0.0,0.0,0.0,0.0,3.69,0.0,0.0,0,0,0,0,0,0,0,0,0,0,0,0,0,1.42,2.87,2.08,2.51,0.85,2.51,2.79,1.83,1.28,1.95,3.08,2.92,1.6,1.46,2.28,1.21,2.36,3.12,0.0,2.59,2.84,0.91,2.69,1.91,1.5,0,2.16,0,0.0,0.85,2.26,0.0,0.0,0.0,2.86,0,0,0.74,5.4,2.15,0.0,3.16,0.0,0,0.0,0,0.0,0,2.43,0.0,3.69,2.9,0.0,0,0,0.0,0.0,0.0,0,0,0.0,0,0.75,0,0,0,0,0.0,0,0,0,0,0.0,0,0,0,0,0,0,0,0,0.0,0.0,0,0,0,0,0.0,0,0,0,0,0,0,0.0,0,0.0,0,0,0,1.73,1.96,2.02
haze_1,1.27,1.29,1.43,1.87,1.61,1.16,1.89,1.47,1.61,2.34,2.25,1.99,2.18,1.82,1.49,2.29,0.69,1.5,3.14,1.89,2.22,2.19,1.74,1.79,1.71,2.58,0.84,1.73,2.08,1.34,0.0,1.06,0.0,0.0,0,0,0.0,0.0,0,0,0,0,0,0.0,0,0.0,1.57,2.45,2.27,2.06,1.43,1.54,2.66,1.56,2.16,2.43,1.9,3.11,1.89,1.35,2.76,1.27,1.89,2.18,0.97,3.0,1.91,1.25,1.78,2.12,1.78,1.83,1.74,1.28,1.98,2.58,1.03,1.54,0,0,2.53,1.33,0,0,0.8,4.44,0.84,1.73,1.73,0,0.0,1.8,1.34,0,1.8,1.48,0.0,2.55,2.07,0,1.31,0,1.23,0.0,1.6,0,0,0.85,2.61,0.0,0,0,3.97,0,0,0.0,0.0,0.0,0.0,0,0,5.7,0,0,0,0,0.0,0,0.0,0,0,0,0,0.0,0,0,0.0,0,0,0,0,0,0,0,0.0,0,1.79,1.98,2.02
proximity shower rain_0,2.2,0.95,1.88,0.47,1.55,2.54,0.0,0,1.98,2.07,1.92,2.7,2.76,2.72,2.51,0.92,0.73,3.0,2.51,3.37,1.04,3.28,2.83,0,3.0,1.24,5.04,4.58,3.03,2.69,4.21,4.78,1.25,0,0,5.46,0.0,4.64,0,0,0.0,0.0,0,0,0,0,1.92,2.05,3.22,3.02,2.26,3.08,2.67,1.09,1.38,3.12,3.37,2.59,2.49,1.63,1.16,2.41,2.24,1.06,0.35,1.62,2.59,1.71,2.72,3.41,3.48,0.4,3.07,1.72,0,1.15,1.71,0.0,0,0.0,1.26,0,0,0,0.0,1.44,5.04,0,4.58,0,1.54,0,2.69,0,2.73,3.07,4.21,0,0.0,0,4.83,0,0,1.27,0.0,0,0.0,0,0,0,1.0,0,0,0.0,5.46,0,4.64,0.0,0,0,0,0,0,0,0.0,0,0,0.0,0,0.0,0,0,0,0,0,0,0,0,0,0,0,0,0,0,0,0,1.87,2.02,2.07
mist_5,0.56,1.8,0.9,2.15,1.24,0.37,1.94,0.0,1.09,2.5,2.27,2.17,2.21,1.09,1.6,2.18,0.0,1.24,3.4,1.97,2.08,0,1.79,0,1.43,0.0,0,0,0,0,0,0,0,0,0,0,0,0,0,0,0,0,0,0,0,0,1.06,1.9,1.76,1.08,2.84,1.27,2.21,2.4,2.11,3.09,1.97,3.26,0.69,2.24,2.66,0.0,0.83,1.48,1.71,2.95,0.74,1.95,1.83,0,1.21,0,1.45,0,0,1.85,2.77,0.0,0,0.0,0.0,0.0,0.0,0,1.32,2.6,0,5.93,0,0,0,0,0,0,1.83,0,0,3.72,0,0,0,0,0,0,0.0,0,0,0,0.0,0,0,0,0,0,0,0,0,0,0,0,0,0,0,0,0,0,0,0,0,0,0,0,0,0,0,0.0,0,0,0,0,0,0,0,0.0,0,0.0,1.9,2.0,2.05
thunderstorm_0,2.3,0.96,1.88,0,1.31,2.52,0,0,2.34,1.95,1.86,2.51,2.92,2.59,2.5,0.38,1.45,2.51,2.26,2.79,2.16,3.77,1.39,0,3.3,0,3.37,4.25,1.41,2.21,3.92,4.62,2.01,0,2.24,4.6,4.44,0.0,0,0.0,0,0,0.0,0,0.0,0,2.26,1.91,2.94,2.85,2.34,2.58,2.15,1.37,2.38,3.3,2.79,2.38,2.17,2.08,0.45,2.3,2.43,2.2,0.59,1.85,2.38,1.33,1.42,3.77,2.84,0.96,3.32,2.09,0,0,0.71,0,0,0.75,0,0,0,1.72,0.0,1.82,3.38,0,4.25,0,4.35,0,2.21,0,0.0,1.43,3.92,0,0,0,4.79,0,0,2.03,0,0,2.9,0,0,0,0.0,2.24,0,0,4.6,0,0.0,4.44,0,0,0,0,0,0,0,0.0,0,0,0,0,0,0.0,0.0,0.0,0,0,0,0,0,0,0,0,0,0,0,0,1.89,2.04,2.08
light snow_4,0,0.0,0,2.25,0,0,2.29,0.0,0.85,2.49,1.96,2.29,1.19,0.0,1.17,3.3,0,0.0,2.27,0.0,0.0,0.0,0.0,0,0.0,1.14,0,0,0,0.0,0,0,0,0,0,0,0,0,5.31,0,0,0,0,0,0,0,0.82,2.72,2.75,0.0,0,0.0,2.13,0.0,3.17,1.52,0.0,2.42,0.0,0,4.31,0.0,0,0.0,0,0.0,0.0,0,0.0,0.0,1.59,0,0.0,0,0,3.28,0,2.99,0,0,1.15,2.52,0,0,0,0,0,0,0,6.64,0,0,0.0,0,0.0,0,0,0,0,0,0,0,0,0,0,0,0,0,0,0,0,0,0,0,0,0,0,0,0,0,5.31,0,0,0,0,0,0,0,0,0,0,0,0,0,0,0,0,0,0,0,0,0,0,0,0,0,1.68,2.04,2.09
proximity thunderstorm_1,2.08,0.89,1.95,0.61,1.7,2.47,0,0,2.24,1.58,2.23,2.86,3.11,2.16,2.04,0.0,0.0,1.97,1.7,1.88,1.38,3.68,2.2,0,1.22,0.0,6.47,1.77,0.0,0.0,1.16,1.72,0.96,0,0.0,0.0,0.0,0,0,0,0,0,0,0,0,0,2.17,1.5,3.42,2.28,2.04,2.02,3.0,0.0,1.96,4.18,1.88,1.71,3.01,1.71,0.0,1.18,3.31,1.45,0.0,3.76,1.99,0,2.26,2.52,2.07,0,1.24,1.15,0,0.0,0,0.0,0,0,0,0,0,0,0.0,0.0,6.49,0,1.77,0,6.06,0,0.0,0,0.0,0.0,1.16,0.0,0,0,1.74,0,0,1.29,0,0.0,3.02,0,0,0,0,0.0,0,0,0.0,0,0,0.0,0.0,0,0,0.0,0,0,0,0,0,0,0,0,0,0,0,0,0.0,0,0,0,0,0,0,0,0,0,0,0,1.87,2.11,2.13
heavy snow_1,0,2.17,0.0,2.42,0.83,0,2.42,1.7,1.67,2.29,2.78,2.53,2.0,1.87,2.15,0,0,1.83,2.44,1.99,1.67,0,2.25,4.15,0.0,1.26,0,0,0,0,0,0.0,0,0,0,0,0,0,0,0,0,0,0,0.0,0,0.0,1.62,2.45,2.25,2.17,3.7,1.88,2.83,2.55,2.96,2.55,1.99,2.47,0.0,2.49,0,0.0,1.41,1.59,1.14,1.95,1.26,0.0,2.31,0,1.9,0.0,0.0,0,3.73,0,0.0,0,1.58,0,1.27,0,0,0,0,2.47,0,0,0,0,0,6.17,0,0,0.0,0,0,1.06,0.0,1.6,0.0,0,4.03,0,0,0,0,2.88,0,0,0,0,0.0,0,0,0.0,0,0,0.0,0,0,0,0,3.85,0,0,0,0,0,0,0,0,0,0,0,0,0.0,0.0,0,0,0,0,0,0,0.0,0,1.89,2.12,2.15
thunderstorm with heavy rain_0,2.17,1.0,1.91,0.0,1.14,2.6,0,0,2.25,2.17,2.6,2.76,3.2,2.76,2.05,0.65,1.91,2.85,2.29,2.28,1.76,4.8,1.84,0,4.13,0.0,3.47,5.08,0.97,4.66,3.94,6.04,3.4,0.0,3.46,3.62,0.0,0,0,0,0,2.85,0.0,0,0.0,0,2.28,2.29,3.07,3.12,2.39,2.94,2.88,0.0,2.94,3.74,2.28,2.21,2.75,2.02,0.77,2.72,2.37,1.85,0,1.81,1.13,0.0,1.47,4.86,1.96,0.67,4.2,2.46,0,0,0.0,0.0,0,0.0,0.0,0,0,1.25,0,0.0,3.47,0,5.08,0,0.0,0,4.66,0,0.0,0.98,3.94,0.0,0.0,0,6.09,0,0,3.45,0,0,1.51,0,0.0,0.0,0.0,3.46,0,0,3.62,0,0,0.0,0,0,0,0,0,0,0,0,0,0,0,2.85,0,0.0,0.0,0,0,0,0,0,0,0,0,0,0,0,0,0,2.01,2.16,2.2
broken clouds_4,0,1.7,0,2.84,1.07,0,2.87,0,0.0,0.0,0.0,2.77,0.0,0.0,0,0.0,0,0,0,0,0.0,0,0,0,0,0,0,0,0,0,0,0,0,0,0,0,0,0,0,0,0,0,0,0,0,0,0.0,0.0,1.58,0.0,0.0,0,0.0,0,0,0,0,0,0,0,0.0,0,0.0,0.0,0,0,0.0,3.06,0,0,0,0,0,0,0,0,0,0,0,0,0,0,0.0,0,0,0,0,0,0,0,0,0,0,7.72,0,0,0,0,0,0,0,0,0,0,0,0,0,0,0,0,0,0,0,0,0,0,0,0,0,0,0,0,0,0,0,0,0,0,0,0,0,0,0,0,0,0,0,0,0,0,0,0,0,0,0,0,1.95,2.1,2.16
drizzle_1,0.93,1.88,1.92,0.69,2.5,1.13,0.73,0,1.92,2.54,2.16,2.13,1.75,2.42,1.45,1.75,0.55,3.36,2.77,3.47,0.79,3.61,3.98,0.0,3.81,2.38,0.69,0.0,4.0,0.0,0,3.9,0.0,0,0,0,0.0,0.0,0,0,5.63,0,0,0,0,0,1.8,2.79,2.3,2.59,1.29,3.45,3.0,1.57,0.86,1.83,3.47,3.46,2.62,0.0,2.17,1.88,1.57,0.8,0.59,3.4,2.37,0.7,3.93,2.31,2.75,0.0,3.88,0,0.0,0.84,1.52,0.0,0,0.0,1.69,0,0,0,3.36,1.92,0.69,2.04,0.0,0.0,0.0,0,0.0,0,6.27,4.03,0,1.55,0,0,0,0,0,0,0,0,0.0,0,0.0,0,0,0,0,0,0,0,0.0,0.0,4.11,0,0,0,0,0,5.63,0,0.0,0,2.33,0,0,0,0,8.49,0.0,0,0,0,0,0,0,0,0,0,0,0,2.0,2.09,2.22
heavy intensity drizzle_0,1.77,1.38,1.98,0.87,2.08,2.19,0,0,2.17,2.59,3.1,2.78,2.15,2.96,1.3,1.2,1.11,3.5,2.29,3.63,1.23,3.69,4.17,0.0,4.81,2.24,3.88,4.46,5.27,5.29,1.83,5.01,0.0,0,0.0,3.72,5.3,0.0,0,0,0,0,0.0,0,0.0,0,2.1,2.83,3.13,3.31,2.62,3.6,3.31,1.76,4.73,2.87,3.63,2.54,2.75,0.56,1.5,0.57,1.83,1.26,0.0,2.59,2.3,0,4.24,3.73,2.1,0.0,4.9,0,0.0,0.98,1.62,1.04,0.0,0,2.27,0,0,0.0,0.0,0.86,3.89,0,4.46,0,1.46,0,5.29,0,3.08,5.42,1.83,0,0,0,5.59,0,0,0.0,0,0,0,0,0,0,0,0.0,0,0,3.72,0,0.0,5.3,0,0,0,0,0,0,0,0,0,0,0.0,0,0,0.0,0.0,3.44,0,0,0,0,0,0,0,0,0,0,0,0,1.97,2.34,2.22
thunderstorm with light rain_0,2.28,1.07,2.01,0.52,1.29,2.46,0,0,2.21,1.97,2.44,2.67,3.27,2.84,2.3,0.0,1.29,2.94,2.07,2.56,1.59,3.99,1.4,0,2.94,0,3.69,3.66,2.56,4.39,4.69,4.17,4.89,0,0.0,2.23,0.0,0,0,0,0,0,0,0,0.0,0,2.19,2.13,3.39,3.32,2.31,2.96,3.11,2.18,1.85,3.88,2.56,1.97,2.46,1.6,0,2.02,2.77,1.62,0,1.56,1.49,0.92,1.44,4.1,2.37,0.0,3.06,2.65,0,0,0.0,0.0,0,0.0,0,0,0,1.25,0,0.0,3.69,0,3.66,0,5.36,0,4.39,0,0,2.6,4.69,0,0,0,4.21,0,0,4.96,0.0,0,3.5,0,0,0,0,0.0,0,0.0,2.23,0,0,0.0,0,0,0,0,0,0,0,0,0,0,0,0,0,0,0.0,0,0,0,0,0,0,0,0,0,0,0,0,0,2.0,2.22,2.2
fog_1,1.18,1.95,1.54,1.81,1.66,0.89,1.09,0,1.79,2.71,2.45,2.22,2.54,2.22,1.65,1.92,0.0,1.91,2.88,2.19,3.91,0.0,1.98,2.87,2.14,3.21,0,0.0,0,0.0,0,0.0,0.0,0,0,0,0,0,0,0,0,0,0,0.0,0,0,1.73,2.83,2.22,2.26,1.87,1.97,2.38,2.22,2.74,2.81,2.19,2.69,1.0,1.58,2.14,1.0,2.65,3.46,1.56,3.84,3.01,0,2.03,0.0,2.08,0,2.18,0,2.66,2.51,4.04,0.0,0.0,0.0,3.38,0,0,0,1.69,2.91,0,1.59,0.0,0,0.0,4.85,0.0,0,1.62,0,0,6.02,0.0,3.68,0.0,0,0,0.0,0,0,0,0,2.07,0,0,0,0.0,0,0,0,0,0,0.0,0,0,0,0,0.0,0,0,0,0,0,0,0,0,0,0,0,0,0.0,0.0,0,0,0,0,0,0,0,0,1.94,2.14,2.18
haze_2,1.38,1.64,1.72,1.95,1.97,0.89,2.39,1.76,1.54,2.96,1.97,2.3,2.25,2.09,1.8,2.67,0.0,2.1,3.82,1.26,2.42,2.31,2.33,2.97,0.0,0.0,0.0,0.0,0,0.0,0,0,0,0.0,0,0,0,0,0,0,0,0,0,0,0,0,1.49,2.9,2.84,2.16,1.34,2.16,2.57,2.07,2.17,3.07,1.26,4.14,0.0,1.72,2.77,2.15,1.18,1.86,0.0,3.58,1.95,0.89,2.38,2.4,2.01,0,0.0,0.0,2.58,4.52,0.0,2.79,0,0,0.0,0.0,0,0,0.0,6.31,0.0,0,0.0,0,0.0,0.0,0.0,0,0,0,0,0.0,6.75,0,0,0,0,0,0.0,0.0,0,0.0,0,0.0,0,0,0,0,0,0,0,0,0,0,0,0.0,0,0,0,0,0,0,0,0,0,0,0,0,0,0,0,0,0,0,0,0,0,0,0,0,1.97,2.12,2.18
heavy snow_3,0.0,2.15,0.0,2.66,0.0,0,1.69,0.65,0.8,2.67,2.51,1.9,0.7,0.0,0.9,0,0,0,3.6,0.0,3.09,0,0,4.67,0,7.34,0,0,0,0,0,0,0,0,0,0,0,0,0,0,0,0,0,0.0,0,0,0.77,2.92,2.06,0.0,0.0,0,3.11,2.74,1.63,0.96,0.0,3.84,0,0.51,0,0.0,0.0,3.19,1.4,2.84,0.0,0.0,0,0,1.11,0,0,0,5.45,0,0,0,0.0,0,8.1,0,0,0,0,0.0,0,0,0,0,0,5.75,0,0,0,0,0,3.95,0,7.67,0,0,4.06,0,0,0,0,0,0,0,0,0,0,0,0,0,0,0,4.88,0,0,0,0,0,0,0,0,0.0,0,0,0,0,0,0,0,0,0.0,11.08,0,0,0,0,0,0,0,0,2.04,2.13,2.19
proximity thunderstorm with rain_0,2.34,1.15,2.25,0.0,1.68,2.52,0,0,2.58,2.09,2.26,2.78,3.19,2.94,2.68,0,1.3,3.06,2.79,3.19,1.34,4.01,2.71,0.0,4.14,0,3.34,3.46,1.91,3.34,4.58,4.62,2.66,0,0.0,2.48,2.8,0,0,0,0,0,0,0,0,0,2.47,2.25,3.03,3.17,2.53,3.14,2.68,2.01,2.11,4.22,3.19,2.97,3.34,1.32,0,1.52,2.94,1.36,0.91,1.33,2.04,0.0,2.53,3.99,3.56,0.0,4.22,0.0,0.0,0,1.76,0,0,0,0,0,0,0,0,0.0,3.34,0,3.46,0,4.89,0.0,3.34,0,0.0,1.94,4.58,0.0,0,0,4.66,0,0,2.69,0,0,0.0,0,0,0,0.0,0.0,0,0,2.48,0,0,2.8,0,0,0,0,0,0,0,0,0,0,0,0,0,0,0,0,0,0,0,0,0,0,0,0,0,0,0,0,2.09,2.23,2.23
mist_6,0.91,2.68,0.0,2.62,1.09,0.65,0.28,0,0.19,2.62,1.39,0.23,0.3,2.62,0.0,0.0,0.51,2.93,1.41,2.52,7.81,0.0,0.0,3.7,1.64,0.0,0,0,0,0,0.0,0,0,0,0,0,0,0,0,0,0,0,0,0,0,0,0.19,3.49,0.29,3.0,0.0,2.46,0.0,0.0,0.0,0.38,2.52,1.5,0.63,0.0,0,0.0,0.0,7.97,0.0,1.97,2.06,0,0.0,0.0,0.0,0,0.0,0.0,4.07,0.0,3.03,0.0,0,0.0,0.0,0,0,2.09,0.0,0,0,0,0,0,0,0,0,0,0,0,0.0,0,0,0,0,8.13,0,0,0,0,0,0,11.95,0,0,0,0,0,0,0,0,0,0,0,0,0,0,0,0,0,0,0,0,0,0,0,0,0,0,0,0,0,0,0,0.0,0,0.0,0,0,0,1.8,2.08,2.2
heavy snow_2,0,2.09,0,2.37,0.0,0,2.48,1.54,1.15,2.42,2.67,2.2,1.9,1.98,1.15,0,0,0.0,3.56,1.08,2.97,0.0,0.0,4.48,0,4.47,0,0,0,0,0,0,0,0,0,0,0,0,0,0,0,0,0,0,0,0,1.11,2.54,1.91,2.22,3.14,0.0,3.71,3.15,2.02,2.64,1.08,3.79,0.0,1.67,0,0.0,2.33,3.04,2.66,0.0,0.0,0.0,0.0,0.0,0.0,0,0,0,4.97,0,0,0,0,0,5.0,0,0,0,0,0.0,0,0,0,0,0,4.09,0,0,0,0,0,0,0,4.43,0,0,7.71,0,0,0,0,0,0,0,0,0,0,0,0,0,0,0,0.0,0,0,0,0,0,0,0,0,0,0,0,0,0,0,0,0,0,0,0,0,0,0,0,0,0,0,0,1.93,2.2,2.22
thunderstorm with rain_0,2.38,0.0,2.06,0,1.88,2.59,0,0,2.46,2.41,2.49,3.23,3.13,2.82,1.47,0,1.37,3.28,3.12,2.53,2.36,4.09,2.32,0,4.74,0,4.98,4.48,0.0,5.69,3.63,4.14,4.77,0,0.0,0.0,0.0,0,0,0,0,0,0,0,0.0,0,2.41,2.68,3.92,3.24,2.06,3.32,2.81,1.53,2.36,4.1,2.53,3.06,3.23,2.15,0,1.1,1.78,2.4,0,2.0,1.95,0.0,2.14,4.25,1.55,1.61,4.83,0,0,0,0.0,0,0,0.0,0,0,0,1.53,0.0,0.0,4.99,0,4.48,0,1.87,0,5.69,0,0.0,0.0,3.63,0.0,0,0,4.18,0,0,4.83,0,0,0.0,0,0.0,0,0.0,0.0,0,0,0.0,0,0,0.0,0,0,0,0,0,0,0,0,0,0.0,0,0,0,0,0.0,0,0,0,0,0,0,0,0.0,0,0,0,0,0,2.0,2.26,2.28
haze_3,1.82,1.1,1.97,2.26,1.93,0.0,2.67,1.16,2.12,2.36,1.85,3.44,3.14,0.42,3.17,2.34,0,0.6,3.95,0.0,2.48,0.0,0.0,0.0,0.0,2.28,0.0,0,0,0,0.0,0,0,0.0,0,0,0,0,0.0,0,0,0,0,0,0,0,2.05,2.6,3.19,0.57,0.0,0.61,2.51,0.0,0.0,2.83,0.0,4.48,0.0,0.0,2.93,1.2,3.65,2.54,0,4.0,1.74,0,0.0,0.0,5.33,0,0.0,0,0.0,1.38,3.0,0.0,0,0,2.31,0,0,0,0,4.38,0.0,0.0,0,0,0,0,0,0,0,0,0.0,0.0,0.0,0,0,0,0,0,8.46,0.0,0,0,0,0.0,0,0,0.0,0,0,0,0,0,0,0,0.0,0,0,0,0,0,0,0,0,0,0,0,0,0,0,0,0,0,0,0,0,0,0,0,0,0,1.85,2.21,2.27
haze_7,0.68,2.61,0,2.86,0.0,0.79,2.16,0,1.93,2.53,0.0,2.18,3.12,0.5,0.0,0.0,0,0.0,3.82,0.0,0.0,0.0,0.0,0,0.0,0,0,0,0,0,0,0,0.0,0,0,0,0,0,0,0,0,0,0,0,0,0,1.87,1.9,0.0,0.57,3.19,0.0,0.0,0.0,0.0,4.11,0.0,3.16,0,0,0,0.0,0,0.0,0,6.18,0.63,0,0.0,0.0,0.0,0,0.0,0,0,0.0,0.0,0,0,0,0,0,0,0,0,0,0,0,0,0,0.0,0,0,0,0,0,0,0,0,0,0,0,0,0,0.0,9.5,0.0,0,0,0,0,0,0,0,0,0,0,0,0,0,0,0.0,0,0,0,0,0,0,0,0,0,0,0,0,0.0,0,0,0,0,0,0,0,0,0,0,0,2.07,2.23,2.32
proximity thunderstorm_2,2.24,0.0,2.1,0,1.04,2.55,0,0,2.32,1.24,1.25,2.89,3.4,3.13,2.34,0,0.61,2.89,1.34,2.94,1.9,4.66,0.0,0,2.23,0,1.39,2.27,0,1.53,3.54,0.0,5.68,0,0.0,0.0,0,0,0,0,0,0.0,0,0,0,0,2.29,1.44,3.47,3.09,0.0,2.81,1.1,1.12,0,4.22,2.94,0.0,2.08,2.09,0,0,3.46,1.94,0.0,2.05,1.54,0,0.0,4.22,1.68,0,2.28,1.06,0,0,0,0,0,0.0,0,0,0,0.0,0.0,0,1.39,0,2.27,0,5.64,0,1.53,0,0.0,0,3.54,0,0,0,0.0,0,0,0.0,0,0.0,8.62,0,0,0,0,0.0,0,0,0.0,0,0,0,0,0,0,0,0,0,0,0,0,0.0,0,0.0,0,0,0,0,0.0,0,0,0,0,0,0,0,0,0,0,0,2.02,2.24,2.12
heavy snow_4,0,3.62,0,3.27,0.0,0,2.13,0.0,1.35,3.41,2.91,2.62,1.48,2.73,0.45,0,0,0,2.79,0.0,0.0,0,3.34,4.85,0,3.71,0,0,0,0,0,0,0,0,0,0,0,0,0,0,0,0,0,0,0,0,1.3,3.49,1.86,3.07,0.0,0,3.31,3.73,1.74,0.0,0.0,2.43,0,0.7,0,0,2.53,0.0,0,0.0,3.8,0,3.43,0,0.0,0,0,0,4.14,0,0,0,0,0,3.76,0,0,0,0,3.21,0,0,0,0,0,5.41,0,0,0,0,0,0,0.0,0,0,0,0,0,0,0,0,9.67,0,0,0,0,0,0,0,0,0,0,0,0,0,0,0,0,0,0,0,0,0,0,0,0,0,0,0,0,0,0,0,0,0,0,0,0,0,0,1.96,2.4,2.3
fog_2,1.86,1.75,1.45,1.83,2.47,1.41,0.0,0.0,0.98,2.8,2.79,2.41,0.88,3.21,1.14,0.0,1.28,3.12,4.74,3.14,4.59,2.13,3.65,0,1.99,0,0.0,0,0,0.0,0.0,0,0.0,0,0,0,0,0,0,0,0,0,0,0,0,0,1.18,3.07,2.48,3.2,3.42,2.92,2.18,0.0,1.55,0.0,3.14,4.45,4.11,1.46,0.0,0,0.0,4.67,0,2.5,0.0,0.0,3.74,2.21,0.0,0.0,2.03,0,0,0,6.53,0,0,0,0,0,0,0.0,2.24,2.24,0.0,4.52,0,0,0,0,0.0,0,0.0,0,0.0,4.11,0,0,0,0.0,0,0.0,0,0,0,0,8.66,0,0.0,0,0,0,0,0,0,0,0,0,0,0,0,0,0,0,0,0.0,0,0,0,0,0,0,0,0,0,0,0,0,0,0,0.0,0,0,0,2.09,2.18,2.32
smoke_0,2.57,0,1.9,0,1.0,5.7,0,0,2.67,2.54,1.8,2.97,2.01,2.24,3.43,0,0,4.95,3.87,4.44,0.0,0.0,6.19,0,4.82,0,0,0,0,0.0,0,0,0,10.07,0.0,0,0,0,0,0,0,0,0,0,0,0,2.59,2.8,3.57,2.52,5.39,5.08,5.13,0,0.97,0.62,4.44,4.13,0,0.0,0,2.95,0.0,0.0,0,0.0,0.0,0,6.35,0.0,4.69,0,4.91,0,0,0,0,0,0,0,0,0,0,0,0,0.0,0,0,0,0,0.0,0,0.0,0,0,0,0,0,0.0,0,0,0,0,0,0.0,0,0,0,0,10.07,0,0.0,0,0,0,0,0,0,0,0,0,0,0,0,0,0,0,0,0,0,0,0,0,0,0,0,0,0,0,0,0,0,0,0,0,0,2.11,2.3,2.33
heavy intensity rain_1,2.53,0.0,2.26,0,2.0,2.94,0,0,1.9,1.03,3.27,3.33,4.17,3.44,2.36,0,2.45,3.56,0.0,2.97,0.0,3.07,1.52,0,3.99,0,3.58,0.0,0,0.0,0,0.0,0.0,0,0,0,0,0,0,0,0,0,0,0,0,0,2.12,0.53,3.52,3.55,3.75,3.66,3.24,0.0,2.76,3.26,2.97,0.0,2.11,3.53,0,4.34,2.48,0.0,0,1.0,0.0,0.0,1.56,3.18,1.6,0,2.52,0,0,0,0,0,0,0.0,0,0,0,2.25,0,0,3.59,0,0.0,0,0,0,0.0,0,0.0,0,0,0,0,0,0.0,0,0,0.0,0,0,0,0,0,0,8.22,0,0,0,0,0,0,0,0,0,0,0,0,0,0,0,0,0,0,0,0,0,0,0,0,0,0,0,0,0.0,0,0,0,0,0,0,1.99,2.32,2.35
very heavy rain_0,2.47,0.0,0.49,0.88,0,3.03,1.3,0.0,1.91,2.44,2.01,2.28,2.92,2.31,3.86,1.54,2.9,2.62,2.75,1.61,2.27,4.3,1.23,0.0,4.83,0.0,0,5.0,0.0,5.4,2.75,0.0,0.0,0,4.72,3.74,0.0,0,0,0,0,5.13,0,0,0,0,2.22,2.6,2.74,2.68,1.73,2.69,3.17,0.0,1.7,2.26,1.61,2.93,2.35,4.81,1.83,4.0,2.02,2.32,0,1.77,0.0,1.54,1.26,4.46,2.59,0.0,4.92,2.61,0.0,1.72,0,0,0,0.0,0.0,0,1.47,0.0,0,0,0,0,5.0,0,0.0,0,5.4,0,0,0.0,2.75,0,0,0,0.0,0,0,0.0,0,0,0.0,0,0,0,0,4.72,0,0,3.74,0,0,0.0,0,0,0,0,0,0,0,0,0,0,0.0,5.13,0,0,0,0,0,0,0,0,0,0,0,0,0,0,0,0,2.08,2.28,2.35
haze_4,0,0,0,2.8,0,0,3.76,0.0,2.94,1.83,2.91,2.11,3.67,0,3.71,0,0,0,3.89,0,0,0,0,0.0,0,0,0,0,0,0,0,0,0,0,0,0,0,0,0,0,0,0,0,0,0,0,2.84,2.01,2.53,0,0.0,0,2.25,0.0,0.0,1.34,0,2.77,0,2.68,0,0,0.0,0,0.0,0.0,0.0,0,0,0,0.0,0.0,0,0,0.0,0,3.66,0,0,0,0,0,0,0,0,0.0,0,0,0,0,0,0.0,0,0,0,0,0,0,0,0,0,0,0,0,0.0,0,0,0,0,0,0,0,10.71,0,0,0,0,0,0,0,0,0,0,0,0,0,0,0,0,0,0,0,0,0,0,0,0,0,0,0,0,0,0,0,0,0,2.13,2.29,2.36
heavy intensity rain_2,3.23,1.54,2.39,0,2.47,1.73,0,0,0.0,1.46,3.11,3.98,2.71,3.49,2.85,0,2.48,2.8,0,0.83,0,0.0,0.0,0,4.84,0,0,0,0,0,0.0,0,0,0,0,0,0,0,0,0,0,0,0,0,0,0,2.47,1.61,3.18,2.38,3.64,2.87,5.19,3.58,0,0.0,0.83,0,4.66,0.0,0,0.0,2.32,0,0,0.0,0,1.63,0.0,0.0,0.0,0,2.42,0.0,0,0,0,0,0,0,0,0,0,3.85,0,0,0,0,0,0,0,0,0,0,0,0,0.0,0,0,0,0,0,0,0,0,0,0,0,0,0,0,0,0,10.15,0,0,0,0,0,0,0,0,0,0,0,0,0,0,0,0,0,0,0,0,0,0,0,0,0,0,0,0,0,0,0,0,1.8,2.3,2.37
thunderstorm with light drizzle_0,2.31,0.91,2.13,0,0.0,2.87,0,0,3.38,2.66,3.55,3.19,4.0,3.21,3.19,0.0,1.31,3.98,3.21,3.81,1.78,4.81,3.82,0,5.4,0,4.33,4.95,6.17,6.41,3.0,8.61,0.0,0,3.9,7.13,9.03,0,0,0,0,0.0,0,0,0,0,3.49,2.93,4.1,3.68,3.32,4.08,4.84,0,2.46,3.55,3.81,3.42,1.49,0.0,0.0,2.49,4.39,1.82,0,1.65,0.0,0,3.92,5.0,5.36,0,5.5,0,0,0,0,0,0,0,0,0,0,0.0,0,0.0,4.34,0,4.95,0,0.0,0,6.41,0,0,6.27,3.0,0,0,0,8.69,0,0,0.0,0,0,0.0,0,0,0,0,3.9,0,0,7.13,0,0,9.03,0,0,0,0,0,0,0,0,0,0,0,0.0,0,0,0,0,0,0,0,0,0,0,0,0,0,0,0,0,2.09,2.47,2.38
heavy snow_6,0,0,0,2.82,0,0,3.17,0,0,2.88,3.28,0.0,0,0,0,0,0,0,0.0,0,0.0,0,0,4.95,0,0.0,0,0,0,0,0,0,0,0,0,0,0,0,0,0,0,0,0,0,0,0,0,3.17,0,0,0.0,0,4.44,0.0,0,0,0,0,0,0,0,0,0,0.0,0,0.0,0,0,0,0,0,0,0,0,5.45,0,0,0,0,0,0.0,0,0,0,0,0.0,0,0,0,0,0,0.0,0,0,0,0,0,0,0,0,0,0,0,0,0,0,0,0,0,0,0,0,0,0,0,11.7,0,0,0,0,0,0,0,0,0,0,0,0,0,0,0,0,0,0,0,0,0,0,0,0,0,0,0,0,0,0,2.15,2.31,2.38
light intensity shower rain_0,2.55,0.97,2.15,0.0,0.75,3.83,0,0,3.84,1.13,2.12,3.33,3.83,2.77,3.5,0,0,4.16,3.82,3.17,0.0,3.89,2.6,0.0,2.72,0,1.59,0.0,0.0,0,0,0,0,0,0,0,0,8.58,0,0,0,0,0,0,0,0,3.72,1.24,4.0,2.66,1.42,4.27,2.87,0,1.75,4.12,3.17,4.07,2.63,3.03,0,3.53,4.16,0.0,0,2.33,0.0,0,2.67,4.04,5.21,0,2.78,0,0.0,0,0,0,0,0,0,0,0,0,0,0.0,1.59,0,0.0,0,0,0,0,0,0.0,0.0,0,0,0,0,0,0,0,0,0,0,0,0,0,0,0,0,0,0,0,0,8.58,0,0,0,0,0,0,0,0,0,0,0,0,0,0,0,0,0,0,0,0,0,0,0,0,0,0,0,0,0,2.05,2.53,2.4
proximity thunderstorm with drizzle_0,2.28,0.64,2.72,0,2.27,2.36,0,0,3.35,2.65,3.11,3.98,2.54,3.33,0.0,0,0,4.14,1.73,3.45,0.0,4.55,4.06,0.0,4.58,0.0,0.0,2.81,3.88,2.51,0.0,6.93,0.0,0,0.0,5.74,5.94,0,0,0,0,0,0,0,0,0,3.25,2.92,4.78,3.74,0.0,4.26,3.39,1.22,2.63,2.0,3.45,1.85,4.02,0,0,1.64,0.0,0.0,2.77,2.33,0.0,0,4.16,4.72,0.0,0,4.66,0,0.0,0,0,0,0,0,0.0,0,0,0,0,0.0,0.0,0,2.81,0,0.0,0,2.51,0,0.0,3.94,0.0,0,0,0,7.0,0,0,0.0,0,0,0,0,0,0,0,0.0,0,0,5.74,0,0,5.94,0,0,0,0,0,0,0,0,0,0,0,0,0,0,0,0,0,0,0,0,0,0,0,0,0,0,0,0,2.22,2.7,2.53
snow_1,0,2.44,0.0,2.0,1.05,0,1.87,0.0,2.29,2.18,3.17,2.07,5.08,2.33,1.59,1.92,0,1.88,1.29,2.22,1.75,0.0,2.88,2.92,1.91,4.32,0,0,0,0,0,0,0.0,0,0,0,0,0,0,0,0,0,0,0,0,0.0,2.21,2.4,1.6,2.42,3.74,1.93,3.94,3.32,3.33,5.3,2.22,1.43,4.91,2.11,1.41,0,4.35,2.2,0.0,3.09,3.12,0,1.94,0,0.0,0,1.95,0,3.22,2.14,0,2.8,0.0,0,2.61,0,0,0,0.0,0.0,0,0,0,0,0.0,6.5,0,0,3.32,0,0,0.0,0,4.31,0,0,0.0,0,0,0,0,0,0,0,0,0,0,0,0,0,0,0,8.58,0,0,0,0,0,0,0,0,0,0,0,0,0,0,0,0.0,0,0,0.0,0,0,0,0,0,0,0.0,0,2.28,2.34,2.4
haze_8,2.64,0,0.0,0,0,3.05,0,0,2.2,2.91,0.0,0.0,0.0,0.0,0,0,0,0,4.14,0,0.0,0,0,0,0,0,0,0,0,0,0,0,0,0,0,0,0,0,0,0,0,0,0,0,0,0,2.13,3.2,0.0,0.0,0,0,0.0,0,0,0,0,4.41,0,0,0,0,0.0,0.0,0,0.0,0.0,0,0,0,0,0,0,0,0,0,0,0,0,0,0,0,0,0,0,0.0,0,0,0,0,0,0,0,0,0,0,0,0,0,0,0,0,0,0,0,0,0,0,0,0,0,0,0,0,0,0,0,0,0,12.17,0,0,0,0,0,0,0,0,0,0,0,0,0,0,0,0,0,0,0,0,0,0,0,0,0,0,0.0,2.34,2.4
light shower snow_0,0,2.34,0,1.7,0,0,2.33,0.0,1.48,1.86,2.53,2.15,0.0,2.86,1.72,3.84,0,0.0,4.16,3.74,0.0,3.32,0.0,0.0,0.0,4.71,0.0,0,0,0.0,0,0,0,0,0,0,0,0,11.04,0,0,0,0.0,0,0,0,1.43,2.05,2.59,3.22,0.0,0.0,3.43,0,0.0,0.0,3.74,4.44,0,0,4.36,0,0.0,0.0,0,0,0,0,0.0,3.45,2.35,0,0.0,0,0.0,4.1,0,0.0,0,0,4.77,0.0,0,0,0,0,0.0,0,0,3.97,0,0,0.0,0,0,0,0,0,0,0,0,0,0,0,0.0,0,0,0,0,0,0,0,0,0,0,0,0,0,0,0,11.04,0,0,0,0,0,0,0,0,0,0,0.0,0,0,0,0,0,0,0,0,0,0,0,0,0,0,1.91,2.36,2.43
haze_5,1.66,1.71,1.71,2.67,0.0,0.0,2.26,0.0,2.94,1.27,3.88,3.51,3.06,0.0,2.39,2.92,0,0.0,4.18,0.0,0.0,0.0,0.0,0,0.0,0,0,0,0,0,0,0,0,0,0,0,0,0,0,0,0,0,0,0,0,0,2.84,0.0,4.21,0.0,1.87,0.0,5.26,0,0.0,0.0,0.0,0.0,0,0,0.0,0.0,4.8,0.0,0,2.16,0,0,0.0,0,3.26,0,0.0,0,0,4.29,0,0,0,0,0,0,0,0,0,4.84,0,0,0,0,0.0,0,0,0,0,0,0,0,0.0,0,0,0,0,0,0,0.0,0,0,0,0,0,0,0,0,0,0,0,0,0,0,0,11.81,0,0,0,0,0,0,0,0,0,0,0,0,0,0,0,0,0,0,0,0,0,0,0,0,2.21,2.38,2.45
moderate rain_2,0,2.83,0.0,0,3.05,0,0,0,0.0,0,0.0,0.0,0.0,0.0,0.0,0,0,4.31,0,0,0,0,0,0,0,0,0,0,0,0,0,0,0,0,0,0,0,0,0,0,0,0,0,0,0,0,0.0,0,0.0,0.0,0,0.0,0.0,0.0,0,0.0,0,0,0.0,0.0,0,0.0,0.0,0,0,0,0,0,0,0,0.0,0,0,0,0,0,0,0,0,0,0,0,0,0.0,0,0,0,0,0,0,0,0,0,0,0,0,0,0,0,0,0,0,0,0,0,0,0,0,0,0,0,0,0,0,0,0,0,0,0,0,0,0,14.3,0,0,0,0,0,0,0,0,0,0,0,0,0,0,0,0,0,0,0,0,0,0,0,2.27,2.44,2.51
heavy snow_5,0,0,0,2.98,0,0,2.64,0,0.0,0.0,3.15,2.17,0,0,0.0,0,0,0,0,0,0.0,0,0,5.22,0,0.0,0,0,0,0,0,0,0,0,0,0,0,0,0,0,0,0,0,0,0,0,0.0,0.0,0.0,0,0.0,0,0.0,0.0,0.0,0,0,0,0,0.0,0,0,0,0.0,0,0,0,0,0,0,0,0,0,0,0.0,0,0,0,0,0,0.0,0,0,0,0,0,0,0,0,0,0,8.77,0,0,0,0,0,0.0,0,0,0,0,0,0,0,0,0,0,0,0,0,0,0,0,0,0,0,0,0,0,0,0,0,14.3,0,0,0,0,0,0,0,0,0,0,0,0,0,0,0,0,0,0,0,0,0,0,2.27,2.44,2.51
light rain and snow_0,0,2.86,0.0,0.0,0.0,0,0.0,0,0.0,3.07,0.0,3.98,0,3.71,0.0,2.78,0,4.7,0.0,4.8,3.64,0,4.42,3.4,0.0,5.39,0,0,0,0,0,0,0,0,0,0,0,0,0,0,10.28,0,0,0,0,0,0.0,3.38,4.78,4.17,0.0,4.82,0.0,0,0.0,0,4.81,0.0,0.0,0,3.3,0,0,3.71,0,0.0,0.0,0,4.94,0,0.0,0,0.0,0,3.74,0.0,0.0,0,0,0,5.45,0,0,0,0,0.0,0,0,0,0,0,0,0,0,4.46,0,0,0,0,0,0,0,0,0,0,0,0,0,0,0,0,0,0,0,0,0,0,0,0,0,0,0,0,0,10.28,0,0,0,0,0,0,0,0,0,0,0,0,0,0,0,0,0,0,0,0,0,2.29,2.6,2.53
shower drizzle_0,0,2.28,0,1.72,0.0,0,2.17,0.0,3.19,3.07,4.43,2.78,3.65,2.99,1.95,3.53,0,4.35,1.73,4.8,2.51,4.42,4.13,0,0,4.09,0,0.0,0,0,0,0,0,0,0,0,0,0,0,10.28,0,0,0.0,0.0,0,0,3.09,3.38,3.34,3.35,0.0,4.47,6.5,0.0,4.65,4.66,4.81,1.84,0.0,0,4.18,0,0.0,2.56,0,0,0.0,0,4.23,4.59,2.67,0,0,0,0,2.87,0,0,0,0,4.14,0,0,0,0,0,0,0,0.0,0,0,0,0,0,0,0,0,0,0,0,0,0,0,0,0,0,0,0,0,0,0,0,0,0,0,0,0,0,0,0,0,0,0,0,0,10.28,0,0,0,0,0,0.0,0,0,0,0,0.0,0,0,0,0,0,0,0,0,0,2.82,2.46,2.68
haze_6,0,2.9,0,0.0,0,0,0.0,0,2.64,3.1,0.0,0.0,3.53,0.0,0.0,0,0,0.0,4.42,0.0,0,0,0.0,0.0,0,0,0,0,0,0,0,0,0,0,0,0,0,0,0,0,0,0,0,0,0,0,2.56,3.42,0.0,0.0,0.0,0.0,0.0,0,0,0.0,0.0,4.71,0,0,0,0,0.0,0,0,6.92,5.31,0,0.0,0,0.0,0,0,0,0.0,0,0,0,0,0,0,0,0,0,0,0.0,0,0,0,0,0,0,0,0,0.0,0,0,0,0,0,0,0,0,0,0,0,0,0,0,0,0,0,0,0,0,0,0,0,0,0,0,0,0,0,0,0,15.43,0,0,0,0,0,0,0,0,0,0,0,0,0,0,0,0,0,0,0,2.48,2.5,2.57
scattered clouds_4,2.11,0.0,1.78,0.0,0,2.44,1.8,2.01,0.86,2.53,1.05,1.24,1.51,0.0,2.81,0,3.82,0.0,0,0.0,0,0.0,0,0.0,0.0,0,0.0,0,0,0,0.0,0,0,0,0,0,0,0,0,0,0,0,0,0,0,0,2.19,0.0,1.49,0.0,0.0,0,0.0,2.34,2.35,0.0,0.0,0,0.0,0.0,0,0.0,0,0,0.0,2.24,0,0.0,0,0.0,0.0,0,0.0,0,0.0,0,0,0,0,0.0,0,0,0,0.0,0.0,0,0.0,0,0,0,0,0,0,0,0,0,0.0,0,0,0.0,0,0.0,0,0,0,0,0,0,0,0,0,0,0,0.0,0,0,0,0,0,0,0,0,0,0,0,0,0,8.86,0,0,0,0,0,0,0,0,0,0,0,0,0.0,0,0,0,0,0,2.32,1.75,2.2
heavy intensity drizzle_1,2.56,0.0,1.22,0,2.96,2.22,0,0,2.7,3.15,1.35,1.56,0.0,4.45,0,0,0.0,6.48,0.0,3.86,0,0.0,8.11,0,0.0,0,0,0,8.69,0,0,0,0,0,0.0,0,0,0,0,0,0,0,0,0,0,0,2.12,3.48,1.87,4.99,0,6.66,0.0,0,0.0,0,3.86,0,0,0,0,0,0.0,0,0,2.02,3.1,0,0.0,0.0,0,0,0.0,0,0,0,0,0,0,0.0,0,0,0,0,0.0,0.0,0,0,0,0,0,0,0,0,5.39,0.0,0,0,0,0,0,0,0,0,0,0,0,0,0,0,0,0.0,0,0,0,0,0,0,0,0,0,0,0,0,0,0,0,0,10.38,0,0,0,0,0,0,0,0,0,0,0,0,0,0,0,0,0,2.36,2.53,2.61
SQUALLS_0,3.13,1.69,2.75,0,1.82,3.33,0,0,1.54,2.81,3.3,3.36,4.45,3.22,4.14,0,3.21,3.24,0,3.58,0,4.73,0,0,5.83,0,0.0,0,0,5.37,0,0,0,0,7.24,0.0,0,0,0,0,0,0,0,0,0,0,2.32,3.5,3.04,3.07,4.0,3.33,3.36,0,2.61,5.68,3.58,0,2.77,2.78,0,0.0,0.0,0,0,0,0.0,0,0,4.91,2.62,0,5.94,0.0,0,0,0,0,0,0,0,0,0,0.0,0,0,0.0,0,0,0,0,0,5.37,0,0,0,0,0,0,0,0,0,0,0,0,0,0.0,0,0,0,0,7.24,0,0,0.0,0,0,0,0,0,0,0,0,0,0,0,0,0,0,0,0,0,0,0,0,0,0,0,0,0,0,0,0,0,0,0,2.37,2.53,2.61
mist_7,2.35,0,2.63,0,2.96,1.25,0,0,1.65,2.12,2.2,2.73,2.93,4.48,3.67,0,2.84,0.0,2.58,0,0.0,0.0,0,0,0,0,0,0.0,0,0,0,0,0,0,0,0,0,0,0,0,0,0,0,0,0,0,2.12,2.0,0.0,0.0,0.0,0.0,2.98,0,0,4.27,0,0.0,5.97,0.0,0,2.05,0,0.0,0,0,0.0,0.0,0,0.0,5.01,0,0,0.0,0,0,0.0,0,0,0,0,0,0,0,0,0.0,0,0,0.0,0,0,0,0,0,0,0,0,0,0,0,0,0,0,0,0,0,0,0,0,0,0,0,0,0,0,0,0,0,0,0,0,0,0,0,0,0,0,0,0,0,8.43,0,0,0,0,0,0,0,0,0,0,0,0,0,0,0,1.93,2.07,2.13
sleet_0,0,3.0,0,0,0.0,0,0,0,0.0,2.42,0.0,0.0,0.0,3.68,0,3.16,0,3.28,0.0,4.81,0,0.0,2.53,0,3.81,4.26,0.0,0.0,6.12,0.0,0,0,0,0,0,0,0,0,0,0.0,0,0,0,0,0,0,0.0,2.67,0.0,4.14,0.0,3.37,0.0,0,0.0,0.0,4.82,0.0,3.17,0,3.75,0,0,0,0,0,0.0,0,2.59,0.0,0,0,3.88,0,0,0,0.0,0,0,0,4.31,0,0,0,0,0,0.0,0,0.0,0,0,0,0.0,0,0,6.22,0,0,0,0,0,0,0,0,0,0,0,0,0,0,0,0,0,0,0,0,0,0,0,0,0,0,0,0,0,0.0,0,0,0,0,0,0,0,0,0,0,0,0,0,0,0,0,0,0,0,0,2.04,2.92,2.66
thunderstorm with drizzle_0,2.28,0.0,0.0,0,2.52,2.63,0,0,0.0,3.31,2.6,4.32,2.85,0.0,3.27,0,0,2.76,0.0,0,0.0,4.22,0.0,0,3.74,0,0,0.0,0.0,0.0,0.0,0,0.0,0,0,0,0,0,0,0,0,0,0,0,0,0,0.0,2.24,3.19,0.0,0.0,2.84,3.53,0,0,0.0,0,0.0,0,3.84,0,0,0.0,0.0,0,0,0.0,0,0.0,4.38,0.0,0,3.81,0,0,0,0.0,0,0,0,0,0,0,0,0,0,0,0,0.0,0,0,0,0.0,0,0,0.0,0.0,0,0,0,0,0,0,0.0,0,0,0,0,0,0,0,0,0,0,0,0,0,0,0,0,0,0,0,0,0,0,0,0,0,0,0,0,0,0,0,0,0,0,0,0,0,0,0,0,0,0,3.04,2.66,3.37
proximity thunderstorm with rain_1,2.28,0,1.9,0,2.52,2.63,0,0,0.0,3.31,4.23,0.0,0.0,3.79,0,0,0.0,2.76,0.0,6.1,0,0.0,4.25,0,4.61,0,0,0.0,7.41,0,0,0,0,0,0,0,0,0,0,0,0,0,0,0,0,0,2.06,3.65,0.0,5.24,0.0,2.84,5.73,0,0.0,0,6.1,0,3.11,0,0,0.0,0,0,0,5.6,6.96,0,0.0,0.0,0,0,4.69,0,0,0,0,0,0,0,0,0,0,0,0.0,0.0,0,0,0.0,0,0,0,0,0,7.46,7.52,0,0,0,0,0,0,0,0,0,0,0,0,0,0,0,0,0,0,0,0,0,0,0,0,0,0,0,0,0,0,0,0,0,0,0,0,0,0,0,0,0,0,0,0,0,0,0,0,0,0,2.47,2.66,2.73
thunderstorm with rain_1,2.28,2.34,0,0,2.52,2.63,0,0,3.47,3.31,2.6,2.66,0.0,4.66,0,0.0,0,2.76,0.0,0.0,0,4.22,0.0,0,4.61,0.0,0,0,0,0,0,0,0,0,0,0,0,0,0,0,0,0,0,0,0,0,3.35,3.65,0.0,5.24,0.0,2.84,3.53,0,0,0,0.0,0.0,0,0,0.0,0,0.0,0,0.0,0.0,0,0,0.0,0.0,0,0,4.69,0,0,0,0.0,0,0,0,0,0,0,0,0,0,0,0,0,0,0.0,0,0,0,0.0,0,0,0,0,0,0,0,0,0,0,0.0,0.0,0,0,0,0,0,0,0,0,0,0,0,0.0,0,0,0,0,0,0,0,0,0,0,0,0,0,0,0,0,0,0,0,0,0,0,0,0,0,0,0,2.47,3.27,2.07
few clouds_3,1.85,0,0.0,0,0,0.0,0,0,0.0,0,0,0.0,0.0,0.0,2.66,0,0.0,0.0,0,0,0,0,0,0,0,0,0,0,0,0,0,0,0,0,0,0,0,0,0,0,0,0,0,0,0,0,0.0,0,0.0,0,0,0.0,0,0,0,0.0,0,0,0.0,0,0,0,0.0,0,0,0,0,0,0,0,0,0,0,0.0,0,0,0,0,0,0.0,0,0,0,0,0,0,0,0,0,0,0,0,0,0,0,0,0,0,0,0,0,0,0,0,0,0,0,0,0,0,0,0,0,0,0,0,0,0,0,0,0,0,0,0,0,0,0,0,0,0,0,0,0,0,0,16.95,0,0,0,0,0,0,0,0,0,0,0.0,1.64,0.0
freezing rain_0,0,1.9,0,2.46,0,0,0,0,0.0,3.31,0.0,0,0,2.33,0,3.27,0,3.4,0.0,3.75,3.19,0,0,4.31,0,4.18,0,0,0,0,0,0,0,0,0,0,0,0,0,0.0,0,0,0,0,0,0,0.0,3.65,0,2.62,0,3.49,0.0,0,0,0,3.75,0.0,0,0,3.89,0,0,3.25,0,0,0,0,0,0,0,0,0,0,4.75,0,0.0,0,0,0,4.23,0,0,0,0,0.0,0,0,0,0,0,0.0,0,0,0,0,0,0.0,0,0,0,0,0,0,0,0,0,0,0,0,0,0,0.0,0,0,0,0,0,0,0,0,0,0,0,0,0.0,0,0,0,0,0,0,0,0,0,0,0,0,0,0,0,0,0,0,0,0,2.47,3.27,2.73
snow_2,0,0,0,3.4,0,0,0.0,0,0,0.0,3.6,0.0,0.0,0,0.0,0,0,0,0.0,0,0.0,0,0,5.97,0,0.0,0,0,0,0,0,0,0,0,0,0,0,0,0,0,0,0,0,0,0,0,0,0.0,0.0,0,0,0,4.88,0,5.0,0,0,0.0,0,0.0,0,0,0.0,0.0,0,0.0,0,0,0,0,0.0,0,0,0,6.58,0,0,0,0,0,0.0,0,0,0,0,0,0,0,0,0,0,10.03,0,0,0,0,0,0.0,0,10.87,0,0,0,0,0,0,0,0,0,0,0,0,0,0,0,0,0,0,0.0,0,0,0,0,0,0,0,0,0,0,0,0,0,0,0,0,0,0,0,0,0,0,0,0,0,0,0,2.59,2.79,2.87
drizzle_2,0,3.24,0,3.4,0,0,0,0,2.95,0.0,3.6,0.0,0.0,0.0,0,0.0,0,0.0,0,0.0,0,0,0,0,0,0,0,0,0,0,0,0,0,0,0,0,0,0,0,0,0,0,0,0,0,0,2.86,0.0,0.0,0.0,0,0.0,0.0,0.0,0,0.0,0.0,0,0.0,0,0.0,0,0.0,0,0,0.0,0,0,0,0,0,0,0,0,0,0.0,0,0,0,0,0,0,0,0,0,0,0,0,0,0,0,0,0,0,0,0,0,0,0,0,0,0,0,0,0,0,0,0,0,0,0,0,0,0,0,0,0,0,0,0,0,0,0,0,0,0,0,0,0,0,0,0,0,0,0,0,0,0,0,0,0,0,0,0,0,0,2.59,2.79,2.87
light intensity drizzle_1,0,0,3.24,0,3.49,0,0,0,2.95,0.0,0.0,0.0,0,0.0,0,0,0,4.7,0.0,5.19,0,0,5.89,0,6.37,0,0,0,0,0,0,0,0,0,0,0,0,0,0,0,0,0,0,0,0,0,2.86,0.0,0.0,0.0,0,4.83,0.0,0,0,0,5.2,0.0,0.0,0,0,0,0,0,0,0,0,0,6.03,0,0,0,0.0,0,0,0,0,0,0,0,0,0,0,0,0,0,0,0,0,0,0,0,0,0,0.0,0,0,0,0,0,0,0,0,0,0,0,0,0,0,0,0.0,0,0,0,0,0,0,0,0,0,0,0,0,0,0,0,0,0,0,0,0,0,0,0,0,0,0,0,0,0,0,0,0,0,0,0,2.59,2.79,2.87
proximity thunderstorm_3,3.16,0,0.0,0,0,3.64,0,0,0.0,0.0,0.0,0,0,0.0,0.0,0,0.0,0.0,0,0,0.0,0.0,0,0,0.0,0,0,0,0,0,0,0,0,0,0,0,0,0,0,0,0,0,0,0,0,0,0.0,0.0,0,0,0,0,0.0,0,0,0,0,0,0.0,0.0,0,0,0,0.0,0,0,0,0,0,0.0,0,0,0.0,0,0,0,0,0,0,0.0,0,0,0,0.0,0,0,0,0,0,0,0,0,0,0,0,0,0,0,0,0,0,0.0,0,0,0,0,0,0,0.0,0,0,0,0,0,0,0,0,0,0,0,0,0,0,0,0,0,0,0,0,0,0,0,0,0,0,0,0,0,0,0,0,0,0,0,0,0,2.59,0.0,2.87
proximity shower rain_1,3.16,0,0.0,0,0,3.64,0,0,2.95,0,0.0,3.68,3.95,3.97,4.53,0,0,0,0.0,0,0,0,0,0,0,0,0,0,0,0,0,0,0,0,0,0,0,0,0,0,0,0,0,0,0,0,2.86,0,4.42,4.46,0,0,0.0,0,0,5.04,0,0.0,0.0,0,0,0.0,0,0,0,0,0,0,0,0,6.18,0,0,0,0,0,0,0,0,0,0,0,0,0,0,0,0,0,0,0,0,0,0,0,0,0,0,0,0,0,0,0,0,0,0,0,0,0,0,0,0,0,0,0,0,0,0,0,0,0,0,0,0,0,0,0,0,0,0,0,0,0,0,0,0,0,0,0,0,0,0,0,0,0,0,0,2.59,2.79,2.87
heavy intensity rain_3,3.16,0,0.0,0,0,3.64,0,0,0.0,0.0,0,0.0,0.0,3.97,0.0,0,4.66,0.0,0,0.0,0,0,0,0,0.0,0,0.0,0,0,0,0.0,0,0,0,0,0,0,0,0,0,0,0,0,0,0,0,2.86,0.0,0.0,0,0.0,0.0,0,0,0,0,0.0,0,5.3,0,0,0,0,0,0,0,0,0.0,0,0,0.0,0,0.0,0,0,0,0,0,0,0,0,0,0,0,0.0,0,0.0,0,0,0,0,0,0,0,0,0,0.0,0,0,0,0,0,0,0,0,0,0,0,0,0,0,0,0,0.0,0,0,0,0,0,0,0,0,0,0,0,0,0,0.0,0,0,0,0,0,0,0,0,0,0,0,0,0,0,0,0,0,0,2.59,0.0,2.87
light rain_3,3.16,0,0.0,0,0,0.0,0,0,0.0,0,0,0.0,0.0,0.0,0.0,0,0.0,0.0,0,0,0,0,0,0,0,0,0,0,0,0,0,0,0,0,0,0,0,0,0,0,0,0,0,0,0,0,0.0,0,0,0,0,0.0,0,0,0,0.0,0,0,0.0,0,0,0,0,0,0,0,0,0,0,0,0,0,0,0.0,0,0,0,0,0,0.0,0,0,0.0,0,0,0,0,0,0,0,0,0,0,0,0,0,0,0,0,0,0,0,0,0,0,0,0,0,0,0,0,0,0,0,0,0,0,0,0,0,0,0,0,0,0,0,0,0,0,0,0,0,0,0,0,0.0,0,0,0,0,0,0,0,0,0,0,0.0,0.0,2.87
shower snow_0,0,0.0,0,3.4,0,0,0.0,0,2.95,3.47,3.6,0,3.95,0.0,4.53,0,0,0,0.0,0,0,0,0.0,5.97,0,7.13,0,0,0,0,0,0,0,0,0,0,0,0,0,0,0,0,0,0,0,0,2.86,3.82,0,0.0,0,0,0.0,0,0.0,5.04,0,0,0.0,5.32,0,0,0.0,0,0,0,0,0,0.0,0,0,0,0,0,6.58,0,0,0,0,0,0.0,0,0,0,0,0.0,0,0,0,0,0,0.0,0,0,0,0,0,0,0,0,0,0,0,0,0,0,0,0,0,0,0,0,0,0,0,0,0,0,0.0,0,0,0,0,0,0,0,0,0,0,0,0,0,0,0,0,0,0,0,0,0,0,0,0,0,0,0,2.59,2.79,2.87
sky is clear_1,3.16,0,3.24,0,0,3.64,0,0,2.95,0.0,0.0,0.0,3.95,0.0,0.0,0,0.0,0,0,0,0,0,0,0,0,0,0,0,0,0,0,0,0,0,0,0,0,0,0,0,0,0,0,0,0,0,2.86,0.0,0,0,0,0,0.0,0,0,5.04,0,0,0.0,0,0,0,0,0,0,0,0,0,0,0,0,0,0,0.0,0,0,0,0,0,0.0,0,0,0.0,0,0,0,0,0.0,0,0,0,0,0,0,0,0,0,0,0,0,0,0,0,0,0,0,0,0,0,0,0,0,0,0,0,0,0,0,0,0,0,0,0,0,0,0,0,0,0,0,0,0,0,0,0,0.0,0,0,0,0,0,0,0,0.0,0,0,2.59,2.79,2.87
traffic_volume_2,1.17,1.05,1.21,1.02,1.13,1.15,0.95,0.81,1.31,1.36,1.5,1.6,1.67,1.53,1.51,1.11,0.98,1.54,1.57,1.62,1.34,1.53,1.53,0.98,1.68,1.19,1.45,1.55,1.58,1.43,1.45,1.6,1.52,0.65,1.21,1.36,1.6,1.13,0.84,0.86,1.05,0.7,0.8,1.18,0.59,0.44,1.3,1.43,1.78,1.63,1.37,1.57,1.8,1.06,1.36,1.86,1.62,1.63,1.42,1.32,1.23,1.32,1.5,1.35,0.77,1.44,1.28,0.88,1.55,1.55,1.72,1.0,1.71,0.94,1.03,1.2,1.09,0.92,0.62,0.75,1.2,0.7,0.53,0.8,0.77,1.24,1.45,0.57,1.55,0.59,1.29,1.06,1.43,0.45,1.09,1.6,1.45,1.02,0.97,0.69,1.6,0.55,1.02,1.51,0.76,0.76,0.86,0.71,0.79,0.65,0.86,1.21,0.63,0.59,1.36,0.29,1.13,1.6,0.68,0,0.84,0.66,0.17,0.47,1.05,0.86,0.36,0.22,0.85,0.7,0.44,0.8,0.59,0.87,0.96,0.13,1.18,0.68,0.62,0.0,0.43,0.0,0.2,0.0,0.44,0.0,1.31,1.43,1.45
traffic_volume_0,1.15,1.09,1.18,1.09,1.13,1.12,1.03,0.9,1.36,1.42,1.53,1.63,1.69,1.55,1.51,1.21,0.94,1.56,1.59,1.62,1.53,1.59,1.55,1.14,1.62,1.46,1.43,1.68,1.44,1.62,1.55,1.55,1.3,0.69,1.23,1.35,1.14,1.14,0.85,1.63,1.2,0.9,1.68,1.55,1.46,0.49,1.34,1.5,1.81,1.67,1.36,1.59,1.82,1.13,1.4,1.91,1.62,1.65,1.4,1.32,1.35,1.24,1.5,1.55,0.86,1.57,1.36,0.84,1.57,1.61,1.72,0.88,1.64,0.89,1.22,1.24,1.07,1.03,0.57,0.74,1.47,0.81,0.57,0.85,0.96,1.29,1.44,0.85,1.68,0.52,1.27,1.04,1.62,0.4,1.05,1.45,1.55,1.0,0.92,0.74,1.55,0.4,0.83,1.27,0.72,0.5,0.92,0.63,0.69,0.69,1.06,1.23,0.65,0.69,1.35,0.65,1.14,1.14,0.9,0.36,0.85,0.59,0.16,0.37,1.2,1.63,0.84,0.37,0.63,0.9,0.28,1.68,1.46,0.72,1.03,0.0,1.55,0.51,0.18,0.0,0.0,0.0,0.0,0.0,0.49,0.0,1.31,1.44,1.48
traffic_volume_1,1.18,1.1,1.18,1.08,1.13,1.18,1.04,0.9,1.37,1.41,1.56,1.67,1.73,1.55,1.55,1.23,0.96,1.56,1.61,1.62,1.47,1.53,1.46,1.13,1.57,1.45,1.46,1.64,1.39,1.39,1.54,1.49,1.13,0.76,0.93,1.63,1.24,1.14,0.97,1.16,1.34,0.83,2.49,1.47,0.87,0.78,1.35,1.48,1.86,1.67,1.42,1.59,1.83,1.18,1.42,1.94,1.62,1.66,1.36,1.38,1.36,1.32,1.59,1.5,0.87,1.49,1.33,0.96,1.48,1.56,1.75,0.97,1.58,0.93,1.23,1.31,1.0,1.05,0.59,0.81,1.47,0.83,0.55,0.83,0.81,1.34,1.47,0.81,1.64,0.5,1.21,1.22,1.39,0.37,0.96,1.4,1.54,0.9,0.79,0.67,1.5,0.42,0.84,1.14,0.9,0.51,0.98,0.46,0.69,0.76,0.9,0.93,0.77,0.68,1.63,0.49,1.14,1.24,0.82,0.82,0.97,0.47,0.11,0.49,1.34,1.16,0.67,0.24,0.6,0.83,0.35,2.49,0.87,0.54,0.41,0.0,1.47,0.43,0.46,0.0,0.28,0.0,0.26,0.0,0.78,0.0,1.33,1.46,1.49
